"Year";"Canton (-) / District (>>) / Commune (......)";"Sex";"Citizenship (category)";Deaths
"2009";">> Canton de Genève";"Male";"Switzerland";1159
"2009";">> Canton de Genève";"Male";"Foreign country";340
"2009";">> Canton de Genève";"Female";"Switzerland";1387
"2009";">> Canton de Genève";"Female";"Foreign country";254
"2009";"......6601 Aire-la-Ville";"Male";"Switzerland";1
"2009";"......6601 Aire-la-Ville";"Male";"Foreign country";0
"2009";"......6601 Aire-la-Ville";"Female";"Switzerland";0
"2009";"......6601 Aire-la-Ville";"Female";"Foreign country";0
"2009";"......6602 Anières";"Male";"Switzerland";8
"2009";"......6602 Anières";"Male";"Foreign country";1
"2009";"......6602 Anières";"Female";"Switzerland";9
"2009";"......6602 Anières";"Female";"Foreign country";2
"2009";"......6603 Avully";"Male";"Switzerland";2
"2009";"......6603 Avully";"Male";"Foreign country";0
"2009";"......6603 Avully";"Female";"Switzerland";1
"2009";"......6603 Avully";"Female";"Foreign country";0
"2009";"......6604 Avusy";"Male";"Switzerland";1
"2009";"......6604 Avusy";"Male";"Foreign country";0
"2009";"......6604 Avusy";"Female";"Switzerland";1
"2009";"......6604 Avusy";"Female";"Foreign country";0
"2009";"......6605 Bardonnex";"Male";"Switzerland";6
"2009";"......6605 Bardonnex";"Male";"Foreign country";0
"2009";"......6605 Bardonnex";"Female";"Switzerland";2
"2009";"......6605 Bardonnex";"Female";"Foreign country";0
"2009";"......6606 Bellevue";"Male";"Switzerland";2
"2009";"......6606 Bellevue";"Male";"Foreign country";0
"2009";"......6606 Bellevue";"Female";"Switzerland";4
"2009";"......6606 Bellevue";"Female";"Foreign country";1
"2009";"......6607 Bernex";"Male";"Switzerland";29
"2009";"......6607 Bernex";"Male";"Foreign country";6
"2009";"......6607 Bernex";"Female";"Switzerland";38
"2009";"......6607 Bernex";"Female";"Foreign country";3
"2009";"......6608 Carouge (GE)";"Male";"Switzerland";59
"2009";"......6608 Carouge (GE)";"Male";"Foreign country";17
"2009";"......6608 Carouge (GE)";"Female";"Switzerland";64
"2009";"......6608 Carouge (GE)";"Female";"Foreign country";11
"2009";"......6609 Cartigny";"Male";"Switzerland";3
"2009";"......6609 Cartigny";"Male";"Foreign country";0
"2009";"......6609 Cartigny";"Female";"Switzerland";0
"2009";"......6609 Cartigny";"Female";"Foreign country";1
"2009";"......6610 Céligny";"Male";"Switzerland";2
"2009";"......6610 Céligny";"Male";"Foreign country";0
"2009";"......6610 Céligny";"Female";"Switzerland";1
"2009";"......6610 Céligny";"Female";"Foreign country";0
"2009";"......6611 Chancy";"Male";"Switzerland";2
"2009";"......6611 Chancy";"Male";"Foreign country";0
"2009";"......6611 Chancy";"Female";"Switzerland";1
"2009";"......6611 Chancy";"Female";"Foreign country";0
"2009";"......6612 Chêne-Bougeries";"Male";"Switzerland";43
"2009";"......6612 Chêne-Bougeries";"Male";"Foreign country";9
"2009";"......6612 Chêne-Bougeries";"Female";"Switzerland";82
"2009";"......6612 Chêne-Bougeries";"Female";"Foreign country";8
"2009";"......6613 Chêne-Bourg";"Male";"Switzerland";14
"2009";"......6613 Chêne-Bourg";"Male";"Foreign country";6
"2009";"......6613 Chêne-Bourg";"Female";"Switzerland";13
"2009";"......6613 Chêne-Bourg";"Female";"Foreign country";6
"2009";"......6614 Choulex";"Male";"Switzerland";6
"2009";"......6614 Choulex";"Male";"Foreign country";0
"2009";"......6614 Choulex";"Female";"Switzerland";6
"2009";"......6614 Choulex";"Female";"Foreign country";0
"2009";"......6615 Collex-Bossy";"Male";"Switzerland";5
"2009";"......6615 Collex-Bossy";"Male";"Foreign country";0
"2009";"......6615 Collex-Bossy";"Female";"Switzerland";4
"2009";"......6615 Collex-Bossy";"Female";"Foreign country";0
"2009";"......6616 Collonge-Bellerive";"Male";"Switzerland";20
"2009";"......6616 Collonge-Bellerive";"Male";"Foreign country";3
"2009";"......6616 Collonge-Bellerive";"Female";"Switzerland";25
"2009";"......6616 Collonge-Bellerive";"Female";"Foreign country";3
"2009";"......6617 Cologny";"Male";"Switzerland";14
"2009";"......6617 Cologny";"Male";"Foreign country";2
"2009";"......6617 Cologny";"Female";"Switzerland";33
"2009";"......6617 Cologny";"Female";"Foreign country";3
"2009";"......6618 Confignon";"Male";"Switzerland";6
"2009";"......6618 Confignon";"Male";"Foreign country";4
"2009";"......6618 Confignon";"Female";"Switzerland";11
"2009";"......6618 Confignon";"Female";"Foreign country";0
"2009";"......6619 Corsier (GE)";"Male";"Switzerland";3
"2009";"......6619 Corsier (GE)";"Male";"Foreign country";1
"2009";"......6619 Corsier (GE)";"Female";"Switzerland";2
"2009";"......6619 Corsier (GE)";"Female";"Foreign country";1
"2009";"......6620 Dardagny";"Male";"Switzerland";1
"2009";"......6620 Dardagny";"Male";"Foreign country";2
"2009";"......6620 Dardagny";"Female";"Switzerland";4
"2009";"......6620 Dardagny";"Female";"Foreign country";0
"2009";"......6621 Genève";"Male";"Switzerland";493
"2009";"......6621 Genève";"Male";"Foreign country";157
"2009";"......6621 Genève";"Female";"Switzerland";577
"2009";"......6621 Genève";"Female";"Foreign country";128
"2009";"......6622 Genthod";"Male";"Switzerland";6
"2009";"......6622 Genthod";"Male";"Foreign country";4
"2009";"......6622 Genthod";"Female";"Switzerland";2
"2009";"......6622 Genthod";"Female";"Foreign country";1
"2009";"......6623 Le Grand-Saconnex";"Male";"Switzerland";27
"2009";"......6623 Le Grand-Saconnex";"Male";"Foreign country";6
"2009";"......6623 Le Grand-Saconnex";"Female";"Switzerland";31
"2009";"......6623 Le Grand-Saconnex";"Female";"Foreign country";3
"2009";"......6624 Gy";"Male";"Switzerland";4
"2009";"......6624 Gy";"Male";"Foreign country";0
"2009";"......6624 Gy";"Female";"Switzerland";0
"2009";"......6624 Gy";"Female";"Foreign country";0
"2009";"......6625 Hermance";"Male";"Switzerland";2
"2009";"......6625 Hermance";"Male";"Foreign country";1
"2009";"......6625 Hermance";"Female";"Switzerland";7
"2009";"......6625 Hermance";"Female";"Foreign country";2
"2009";"......6626 Jussy";"Male";"Switzerland";6
"2009";"......6626 Jussy";"Male";"Foreign country";1
"2009";"......6626 Jussy";"Female";"Switzerland";1
"2009";"......6626 Jussy";"Female";"Foreign country";0
"2009";"......6627 Laconnex";"Male";"Switzerland";1
"2009";"......6627 Laconnex";"Male";"Foreign country";0
"2009";"......6627 Laconnex";"Female";"Switzerland";1
"2009";"......6627 Laconnex";"Female";"Foreign country";0
"2009";"......6628 Lancy";"Male";"Switzerland";63
"2009";"......6628 Lancy";"Male";"Foreign country";17
"2009";"......6628 Lancy";"Female";"Switzerland";74
"2009";"......6628 Lancy";"Female";"Foreign country";9
"2009";"......6629 Meinier";"Male";"Switzerland";4
"2009";"......6629 Meinier";"Male";"Foreign country";0
"2009";"......6629 Meinier";"Female";"Switzerland";6
"2009";"......6629 Meinier";"Female";"Foreign country";0
"2009";"......6630 Meyrin";"Male";"Switzerland";48
"2009";"......6630 Meyrin";"Male";"Foreign country";16
"2009";"......6630 Meyrin";"Female";"Switzerland";36
"2009";"......6630 Meyrin";"Female";"Foreign country";8
"2009";"......6631 Onex";"Male";"Switzerland";43
"2009";"......6631 Onex";"Male";"Foreign country";26
"2009";"......6631 Onex";"Female";"Switzerland";70
"2009";"......6631 Onex";"Female";"Foreign country";9
"2009";"......6632 Perly-Certoux";"Male";"Switzerland";7
"2009";"......6632 Perly-Certoux";"Male";"Foreign country";2
"2009";"......6632 Perly-Certoux";"Female";"Switzerland";1
"2009";"......6632 Perly-Certoux";"Female";"Foreign country";1
"2009";"......6633 Plan-les-Ouates";"Male";"Switzerland";12
"2009";"......6633 Plan-les-Ouates";"Male";"Foreign country";3
"2009";"......6633 Plan-les-Ouates";"Female";"Switzerland";19
"2009";"......6633 Plan-les-Ouates";"Female";"Foreign country";3
"2009";"......6634 Pregny-Chambésy";"Male";"Switzerland";18
"2009";"......6634 Pregny-Chambésy";"Male";"Foreign country";2
"2009";"......6634 Pregny-Chambésy";"Female";"Switzerland";17
"2009";"......6634 Pregny-Chambésy";"Female";"Foreign country";2
"2009";"......6635 Presinge";"Male";"Switzerland";3
"2009";"......6635 Presinge";"Male";"Foreign country";1
"2009";"......6635 Presinge";"Female";"Switzerland";11
"2009";"......6635 Presinge";"Female";"Foreign country";1
"2009";"......6636 Puplinge";"Male";"Switzerland";6
"2009";"......6636 Puplinge";"Male";"Foreign country";0
"2009";"......6636 Puplinge";"Female";"Switzerland";6
"2009";"......6636 Puplinge";"Female";"Foreign country";1
"2009";"......6637 Russin";"Male";"Switzerland";0
"2009";"......6637 Russin";"Male";"Foreign country";0
"2009";"......6637 Russin";"Female";"Switzerland";1
"2009";"......6637 Russin";"Female";"Foreign country";0
"2009";"......6638 Satigny";"Male";"Switzerland";16
"2009";"......6638 Satigny";"Male";"Foreign country";2
"2009";"......6638 Satigny";"Female";"Switzerland";8
"2009";"......6638 Satigny";"Female";"Foreign country";2
"2009";"......6639 Soral";"Male";"Switzerland";6
"2009";"......6639 Soral";"Male";"Foreign country";0
"2009";"......6639 Soral";"Female";"Switzerland";17
"2009";"......6639 Soral";"Female";"Foreign country";1
"2009";"......6640 Thônex";"Male";"Switzerland";25
"2009";"......6640 Thônex";"Male";"Foreign country";9
"2009";"......6640 Thônex";"Female";"Switzerland";35
"2009";"......6640 Thônex";"Female";"Foreign country";11
"2009";"......6641 Troinex";"Male";"Switzerland";2
"2009";"......6641 Troinex";"Male";"Foreign country";1
"2009";"......6641 Troinex";"Female";"Switzerland";5
"2009";"......6641 Troinex";"Female";"Foreign country";0
"2009";"......6642 Vandoeuvres";"Male";"Switzerland";7
"2009";"......6642 Vandoeuvres";"Male";"Foreign country";1
"2009";"......6642 Vandoeuvres";"Female";"Switzerland";12
"2009";"......6642 Vandoeuvres";"Female";"Foreign country";0
"2009";"......6643 Vernier";"Male";"Switzerland";66
"2009";"......6643 Vernier";"Male";"Foreign country";29
"2009";"......6643 Vernier";"Female";"Switzerland";60
"2009";"......6643 Vernier";"Female";"Foreign country";17
"2009";"......6644 Versoix";"Male";"Switzerland";23
"2009";"......6644 Versoix";"Male";"Foreign country";7
"2009";"......6644 Versoix";"Female";"Switzerland";34
"2009";"......6644 Versoix";"Female";"Foreign country";6
"2009";"......6645 Veyrier";"Male";"Switzerland";44
"2009";"......6645 Veyrier";"Male";"Foreign country";4
"2009";"......6645 Veyrier";"Female";"Switzerland";55
"2009";"......6645 Veyrier";"Female";"Foreign country";10
"2010";">> Canton de Genève";"Male";"Switzerland";1156
"2010";">> Canton de Genève";"Male";"Foreign country";352
"2010";">> Canton de Genève";"Female";"Switzerland";1370
"2010";">> Canton de Genève";"Female";"Foreign country";250
"2010";"......6601 Aire-la-Ville";"Male";"Switzerland";2
"2010";"......6601 Aire-la-Ville";"Male";"Foreign country";0
"2010";"......6601 Aire-la-Ville";"Female";"Switzerland";1
"2010";"......6601 Aire-la-Ville";"Female";"Foreign country";0
"2010";"......6602 Anières";"Male";"Switzerland";4
"2010";"......6602 Anières";"Male";"Foreign country";3
"2010";"......6602 Anières";"Female";"Switzerland";17
"2010";"......6602 Anières";"Female";"Foreign country";3
"2010";"......6603 Avully";"Male";"Switzerland";2
"2010";"......6603 Avully";"Male";"Foreign country";0
"2010";"......6603 Avully";"Female";"Switzerland";7
"2010";"......6603 Avully";"Female";"Foreign country";0
"2010";"......6604 Avusy";"Male";"Switzerland";4
"2010";"......6604 Avusy";"Male";"Foreign country";0
"2010";"......6604 Avusy";"Female";"Switzerland";1
"2010";"......6604 Avusy";"Female";"Foreign country";0
"2010";"......6605 Bardonnex";"Male";"Switzerland";3
"2010";"......6605 Bardonnex";"Male";"Foreign country";0
"2010";"......6605 Bardonnex";"Female";"Switzerland";5
"2010";"......6605 Bardonnex";"Female";"Foreign country";0
"2010";"......6606 Bellevue";"Male";"Switzerland";1
"2010";"......6606 Bellevue";"Male";"Foreign country";0
"2010";"......6606 Bellevue";"Female";"Switzerland";3
"2010";"......6606 Bellevue";"Female";"Foreign country";1
"2010";"......6607 Bernex";"Male";"Switzerland";29
"2010";"......6607 Bernex";"Male";"Foreign country";4
"2010";"......6607 Bernex";"Female";"Switzerland";20
"2010";"......6607 Bernex";"Female";"Foreign country";4
"2010";"......6608 Carouge (GE)";"Male";"Switzerland";52
"2010";"......6608 Carouge (GE)";"Male";"Foreign country";11
"2010";"......6608 Carouge (GE)";"Female";"Switzerland";58
"2010";"......6608 Carouge (GE)";"Female";"Foreign country";15
"2010";"......6609 Cartigny";"Male";"Switzerland";0
"2010";"......6609 Cartigny";"Male";"Foreign country";0
"2010";"......6609 Cartigny";"Female";"Switzerland";4
"2010";"......6609 Cartigny";"Female";"Foreign country";0
"2010";"......6610 Céligny";"Male";"Switzerland";1
"2010";"......6610 Céligny";"Male";"Foreign country";0
"2010";"......6610 Céligny";"Female";"Switzerland";0
"2010";"......6610 Céligny";"Female";"Foreign country";0
"2010";"......6611 Chancy";"Male";"Switzerland";1
"2010";"......6611 Chancy";"Male";"Foreign country";0
"2010";"......6611 Chancy";"Female";"Switzerland";1
"2010";"......6611 Chancy";"Female";"Foreign country";0
"2010";"......6612 Chêne-Bougeries";"Male";"Switzerland";34
"2010";"......6612 Chêne-Bougeries";"Male";"Foreign country";9
"2010";"......6612 Chêne-Bougeries";"Female";"Switzerland";69
"2010";"......6612 Chêne-Bougeries";"Female";"Foreign country";9
"2010";"......6613 Chêne-Bourg";"Male";"Switzerland";29
"2010";"......6613 Chêne-Bourg";"Male";"Foreign country";9
"2010";"......6613 Chêne-Bourg";"Female";"Switzerland";16
"2010";"......6613 Chêne-Bourg";"Female";"Foreign country";3
"2010";"......6614 Choulex";"Male";"Switzerland";4
"2010";"......6614 Choulex";"Male";"Foreign country";0
"2010";"......6614 Choulex";"Female";"Switzerland";9
"2010";"......6614 Choulex";"Female";"Foreign country";0
"2010";"......6615 Collex-Bossy";"Male";"Switzerland";4
"2010";"......6615 Collex-Bossy";"Male";"Foreign country";0
"2010";"......6615 Collex-Bossy";"Female";"Switzerland";2
"2010";"......6615 Collex-Bossy";"Female";"Foreign country";0
"2010";"......6616 Collonge-Bellerive";"Male";"Switzerland";17
"2010";"......6616 Collonge-Bellerive";"Male";"Foreign country";7
"2010";"......6616 Collonge-Bellerive";"Female";"Switzerland";17
"2010";"......6616 Collonge-Bellerive";"Female";"Foreign country";4
"2010";"......6617 Cologny";"Male";"Switzerland";12
"2010";"......6617 Cologny";"Male";"Foreign country";4
"2010";"......6617 Cologny";"Female";"Switzerland";21
"2010";"......6617 Cologny";"Female";"Foreign country";3
"2010";"......6618 Confignon";"Male";"Switzerland";9
"2010";"......6618 Confignon";"Male";"Foreign country";1
"2010";"......6618 Confignon";"Female";"Switzerland";6
"2010";"......6618 Confignon";"Female";"Foreign country";2
"2010";"......6619 Corsier (GE)";"Male";"Switzerland";3
"2010";"......6619 Corsier (GE)";"Male";"Foreign country";0
"2010";"......6619 Corsier (GE)";"Female";"Switzerland";4
"2010";"......6619 Corsier (GE)";"Female";"Foreign country";0
"2010";"......6620 Dardagny";"Male";"Switzerland";4
"2010";"......6620 Dardagny";"Male";"Foreign country";0
"2010";"......6620 Dardagny";"Female";"Switzerland";2
"2010";"......6620 Dardagny";"Female";"Foreign country";0
"2010";"......6621 Genève";"Male";"Switzerland";457
"2010";"......6621 Genève";"Male";"Foreign country";181
"2010";"......6621 Genève";"Female";"Switzerland";610
"2010";"......6621 Genève";"Female";"Foreign country";118
"2010";"......6622 Genthod";"Male";"Switzerland";9
"2010";"......6622 Genthod";"Male";"Foreign country";3
"2010";"......6622 Genthod";"Female";"Switzerland";6
"2010";"......6622 Genthod";"Female";"Foreign country";2
"2010";"......6623 Le Grand-Saconnex";"Male";"Switzerland";26
"2010";"......6623 Le Grand-Saconnex";"Male";"Foreign country";11
"2010";"......6623 Le Grand-Saconnex";"Female";"Switzerland";31
"2010";"......6623 Le Grand-Saconnex";"Female";"Foreign country";6
"2010";"......6624 Gy";"Male";"Switzerland";0
"2010";"......6624 Gy";"Male";"Foreign country";0
"2010";"......6624 Gy";"Female";"Switzerland";0
"2010";"......6624 Gy";"Female";"Foreign country";0
"2010";"......6625 Hermance";"Male";"Switzerland";4
"2010";"......6625 Hermance";"Male";"Foreign country";0
"2010";"......6625 Hermance";"Female";"Switzerland";10
"2010";"......6625 Hermance";"Female";"Foreign country";0
"2010";"......6626 Jussy";"Male";"Switzerland";2
"2010";"......6626 Jussy";"Male";"Foreign country";1
"2010";"......6626 Jussy";"Female";"Switzerland";3
"2010";"......6626 Jussy";"Female";"Foreign country";0
"2010";"......6627 Laconnex";"Male";"Switzerland";0
"2010";"......6627 Laconnex";"Male";"Foreign country";0
"2010";"......6627 Laconnex";"Female";"Switzerland";1
"2010";"......6627 Laconnex";"Female";"Foreign country";0
"2010";"......6628 Lancy";"Male";"Switzerland";79
"2010";"......6628 Lancy";"Male";"Foreign country";15
"2010";"......6628 Lancy";"Female";"Switzerland";68
"2010";"......6628 Lancy";"Female";"Foreign country";13
"2010";"......6629 Meinier";"Male";"Switzerland";1
"2010";"......6629 Meinier";"Male";"Foreign country";0
"2010";"......6629 Meinier";"Female";"Switzerland";3
"2010";"......6629 Meinier";"Female";"Foreign country";0
"2010";"......6630 Meyrin";"Male";"Switzerland";39
"2010";"......6630 Meyrin";"Male";"Foreign country";17
"2010";"......6630 Meyrin";"Female";"Switzerland";38
"2010";"......6630 Meyrin";"Female";"Foreign country";8
"2010";"......6631 Onex";"Male";"Switzerland";57
"2010";"......6631 Onex";"Male";"Foreign country";11
"2010";"......6631 Onex";"Female";"Switzerland";64
"2010";"......6631 Onex";"Female";"Foreign country";4
"2010";"......6632 Perly-Certoux";"Male";"Switzerland";3
"2010";"......6632 Perly-Certoux";"Male";"Foreign country";1
"2010";"......6632 Perly-Certoux";"Female";"Switzerland";2
"2010";"......6632 Perly-Certoux";"Female";"Foreign country";0
"2010";"......6633 Plan-les-Ouates";"Male";"Switzerland";29
"2010";"......6633 Plan-les-Ouates";"Male";"Foreign country";5
"2010";"......6633 Plan-les-Ouates";"Female";"Switzerland";20
"2010";"......6633 Plan-les-Ouates";"Female";"Foreign country";6
"2010";"......6634 Pregny-Chambésy";"Male";"Switzerland";10
"2010";"......6634 Pregny-Chambésy";"Male";"Foreign country";2
"2010";"......6634 Pregny-Chambésy";"Female";"Switzerland";17
"2010";"......6634 Pregny-Chambésy";"Female";"Foreign country";5
"2010";"......6635 Presinge";"Male";"Switzerland";5
"2010";"......6635 Presinge";"Male";"Foreign country";2
"2010";"......6635 Presinge";"Female";"Switzerland";7
"2010";"......6635 Presinge";"Female";"Foreign country";2
"2010";"......6636 Puplinge";"Male";"Switzerland";0
"2010";"......6636 Puplinge";"Male";"Foreign country";3
"2010";"......6636 Puplinge";"Female";"Switzerland";3
"2010";"......6636 Puplinge";"Female";"Foreign country";0
"2010";"......6637 Russin";"Male";"Switzerland";1
"2010";"......6637 Russin";"Male";"Foreign country";0
"2010";"......6637 Russin";"Female";"Switzerland";1
"2010";"......6637 Russin";"Female";"Foreign country";0
"2010";"......6638 Satigny";"Male";"Switzerland";10
"2010";"......6638 Satigny";"Male";"Foreign country";3
"2010";"......6638 Satigny";"Female";"Switzerland";11
"2010";"......6638 Satigny";"Female";"Foreign country";0
"2010";"......6639 Soral";"Male";"Switzerland";7
"2010";"......6639 Soral";"Male";"Foreign country";0
"2010";"......6639 Soral";"Female";"Switzerland";7
"2010";"......6639 Soral";"Female";"Foreign country";2
"2010";"......6640 Thônex";"Male";"Switzerland";31
"2010";"......6640 Thônex";"Male";"Foreign country";13
"2010";"......6640 Thônex";"Female";"Switzerland";34
"2010";"......6640 Thônex";"Female";"Foreign country";7
"2010";"......6641 Troinex";"Male";"Switzerland";3
"2010";"......6641 Troinex";"Male";"Foreign country";0
"2010";"......6641 Troinex";"Female";"Switzerland";1
"2010";"......6641 Troinex";"Female";"Foreign country";1
"2010";"......6642 Vandoeuvres";"Male";"Switzerland";8
"2010";"......6642 Vandoeuvres";"Male";"Foreign country";2
"2010";"......6642 Vandoeuvres";"Female";"Switzerland";9
"2010";"......6642 Vandoeuvres";"Female";"Foreign country";1
"2010";"......6643 Vernier";"Male";"Switzerland";86
"2010";"......6643 Vernier";"Male";"Foreign country";18
"2010";"......6643 Vernier";"Female";"Switzerland";56
"2010";"......6643 Vernier";"Female";"Foreign country";18
"2010";"......6644 Versoix";"Male";"Switzerland";28
"2010";"......6644 Versoix";"Male";"Foreign country";8
"2010";"......6644 Versoix";"Female";"Switzerland";24
"2010";"......6644 Versoix";"Female";"Foreign country";5
"2010";"......6645 Veyrier";"Male";"Switzerland";46
"2010";"......6645 Veyrier";"Male";"Foreign country";8
"2010";"......6645 Veyrier";"Female";"Switzerland";81
"2010";"......6645 Veyrier";"Female";"Foreign country";8
"2011";">> Canton de Genève";"Male";"Switzerland";1075
"2011";">> Canton de Genève";"Male";"Foreign country";346
"2011";">> Canton de Genève";"Female";"Switzerland";1356
"2011";">> Canton de Genève";"Female";"Foreign country";268
"2011";"......6601 Aire-la-Ville";"Male";"Switzerland";1
"2011";"......6601 Aire-la-Ville";"Male";"Foreign country";0
"2011";"......6601 Aire-la-Ville";"Female";"Switzerland";0
"2011";"......6601 Aire-la-Ville";"Female";"Foreign country";0
"2011";"......6602 Anières";"Male";"Switzerland";6
"2011";"......6602 Anières";"Male";"Foreign country";2
"2011";"......6602 Anières";"Female";"Switzerland";12
"2011";"......6602 Anières";"Female";"Foreign country";1
"2011";"......6603 Avully";"Male";"Switzerland";3
"2011";"......6603 Avully";"Male";"Foreign country";0
"2011";"......6603 Avully";"Female";"Switzerland";4
"2011";"......6603 Avully";"Female";"Foreign country";0
"2011";"......6604 Avusy";"Male";"Switzerland";2
"2011";"......6604 Avusy";"Male";"Foreign country";1
"2011";"......6604 Avusy";"Female";"Switzerland";3
"2011";"......6604 Avusy";"Female";"Foreign country";0
"2011";"......6605 Bardonnex";"Male";"Switzerland";3
"2011";"......6605 Bardonnex";"Male";"Foreign country";2
"2011";"......6605 Bardonnex";"Female";"Switzerland";2
"2011";"......6605 Bardonnex";"Female";"Foreign country";1
"2011";"......6606 Bellevue";"Male";"Switzerland";4
"2011";"......6606 Bellevue";"Male";"Foreign country";1
"2011";"......6606 Bellevue";"Female";"Switzerland";5
"2011";"......6606 Bellevue";"Female";"Foreign country";0
"2011";"......6607 Bernex";"Male";"Switzerland";26
"2011";"......6607 Bernex";"Male";"Foreign country";5
"2011";"......6607 Bernex";"Female";"Switzerland";16
"2011";"......6607 Bernex";"Female";"Foreign country";2
"2011";"......6608 Carouge (GE)";"Male";"Switzerland";41
"2011";"......6608 Carouge (GE)";"Male";"Foreign country";15
"2011";"......6608 Carouge (GE)";"Female";"Switzerland";61
"2011";"......6608 Carouge (GE)";"Female";"Foreign country";7
"2011";"......6609 Cartigny";"Male";"Switzerland";1
"2011";"......6609 Cartigny";"Male";"Foreign country";0
"2011";"......6609 Cartigny";"Female";"Switzerland";1
"2011";"......6609 Cartigny";"Female";"Foreign country";0
"2011";"......6610 Céligny";"Male";"Switzerland";1
"2011";"......6610 Céligny";"Male";"Foreign country";0
"2011";"......6610 Céligny";"Female";"Switzerland";0
"2011";"......6610 Céligny";"Female";"Foreign country";1
"2011";"......6611 Chancy";"Male";"Switzerland";0
"2011";"......6611 Chancy";"Male";"Foreign country";0
"2011";"......6611 Chancy";"Female";"Switzerland";0
"2011";"......6611 Chancy";"Female";"Foreign country";0
"2011";"......6612 Chêne-Bougeries";"Male";"Switzerland";40
"2011";"......6612 Chêne-Bougeries";"Male";"Foreign country";10
"2011";"......6612 Chêne-Bougeries";"Female";"Switzerland";82
"2011";"......6612 Chêne-Bougeries";"Female";"Foreign country";9
"2011";"......6613 Chêne-Bourg";"Male";"Switzerland";19
"2011";"......6613 Chêne-Bourg";"Male";"Foreign country";10
"2011";"......6613 Chêne-Bourg";"Female";"Switzerland";25
"2011";"......6613 Chêne-Bourg";"Female";"Foreign country";7
"2011";"......6614 Choulex";"Male";"Switzerland";1
"2011";"......6614 Choulex";"Male";"Foreign country";1
"2011";"......6614 Choulex";"Female";"Switzerland";8
"2011";"......6614 Choulex";"Female";"Foreign country";0
"2011";"......6615 Collex-Bossy";"Male";"Switzerland";3
"2011";"......6615 Collex-Bossy";"Male";"Foreign country";0
"2011";"......6615 Collex-Bossy";"Female";"Switzerland";1
"2011";"......6615 Collex-Bossy";"Female";"Foreign country";0
"2011";"......6616 Collonge-Bellerive";"Male";"Switzerland";17
"2011";"......6616 Collonge-Bellerive";"Male";"Foreign country";10
"2011";"......6616 Collonge-Bellerive";"Female";"Switzerland";16
"2011";"......6616 Collonge-Bellerive";"Female";"Foreign country";1
"2011";"......6617 Cologny";"Male";"Switzerland";17
"2011";"......6617 Cologny";"Male";"Foreign country";1
"2011";"......6617 Cologny";"Female";"Switzerland";29
"2011";"......6617 Cologny";"Female";"Foreign country";6
"2011";"......6618 Confignon";"Male";"Switzerland";9
"2011";"......6618 Confignon";"Male";"Foreign country";2
"2011";"......6618 Confignon";"Female";"Switzerland";4
"2011";"......6618 Confignon";"Female";"Foreign country";2
"2011";"......6619 Corsier (GE)";"Male";"Switzerland";3
"2011";"......6619 Corsier (GE)";"Male";"Foreign country";0
"2011";"......6619 Corsier (GE)";"Female";"Switzerland";2
"2011";"......6619 Corsier (GE)";"Female";"Foreign country";0
"2011";"......6620 Dardagny";"Male";"Switzerland";1
"2011";"......6620 Dardagny";"Male";"Foreign country";0
"2011";"......6620 Dardagny";"Female";"Switzerland";1
"2011";"......6620 Dardagny";"Female";"Foreign country";0
"2011";"......6621 Genève";"Male";"Switzerland";461
"2011";"......6621 Genève";"Male";"Foreign country";147
"2011";"......6621 Genève";"Female";"Switzerland";607
"2011";"......6621 Genève";"Female";"Foreign country";134
"2011";"......6622 Genthod";"Male";"Switzerland";5
"2011";"......6622 Genthod";"Male";"Foreign country";3
"2011";"......6622 Genthod";"Female";"Switzerland";4
"2011";"......6622 Genthod";"Female";"Foreign country";1
"2011";"......6623 Le Grand-Saconnex";"Male";"Switzerland";13
"2011";"......6623 Le Grand-Saconnex";"Male";"Foreign country";12
"2011";"......6623 Le Grand-Saconnex";"Female";"Switzerland";29
"2011";"......6623 Le Grand-Saconnex";"Female";"Foreign country";9
"2011";"......6624 Gy";"Male";"Switzerland";1
"2011";"......6624 Gy";"Male";"Foreign country";1
"2011";"......6624 Gy";"Female";"Switzerland";1
"2011";"......6624 Gy";"Female";"Foreign country";1
"2011";"......6625 Hermance";"Male";"Switzerland";3
"2011";"......6625 Hermance";"Male";"Foreign country";0
"2011";"......6625 Hermance";"Female";"Switzerland";4
"2011";"......6625 Hermance";"Female";"Foreign country";0
"2011";"......6626 Jussy";"Male";"Switzerland";1
"2011";"......6626 Jussy";"Male";"Foreign country";2
"2011";"......6626 Jussy";"Female";"Switzerland";3
"2011";"......6626 Jussy";"Female";"Foreign country";0
"2011";"......6627 Laconnex";"Male";"Switzerland";1
"2011";"......6627 Laconnex";"Male";"Foreign country";1
"2011";"......6627 Laconnex";"Female";"Switzerland";3
"2011";"......6627 Laconnex";"Female";"Foreign country";0
"2011";"......6628 Lancy";"Male";"Switzerland";65
"2011";"......6628 Lancy";"Male";"Foreign country";22
"2011";"......6628 Lancy";"Female";"Switzerland";72
"2011";"......6628 Lancy";"Female";"Foreign country";7
"2011";"......6629 Meinier";"Male";"Switzerland";7
"2011";"......6629 Meinier";"Male";"Foreign country";0
"2011";"......6629 Meinier";"Female";"Switzerland";2
"2011";"......6629 Meinier";"Female";"Foreign country";0
"2011";"......6630 Meyrin";"Male";"Switzerland";45
"2011";"......6630 Meyrin";"Male";"Foreign country";18
"2011";"......6630 Meyrin";"Female";"Switzerland";40
"2011";"......6630 Meyrin";"Female";"Foreign country";11
"2011";"......6631 Onex";"Male";"Switzerland";41
"2011";"......6631 Onex";"Male";"Foreign country";12
"2011";"......6631 Onex";"Female";"Switzerland";63
"2011";"......6631 Onex";"Female";"Foreign country";10
"2011";"......6632 Perly-Certoux";"Male";"Switzerland";4
"2011";"......6632 Perly-Certoux";"Male";"Foreign country";1
"2011";"......6632 Perly-Certoux";"Female";"Switzerland";4
"2011";"......6632 Perly-Certoux";"Female";"Foreign country";2
"2011";"......6633 Plan-les-Ouates";"Male";"Switzerland";12
"2011";"......6633 Plan-les-Ouates";"Male";"Foreign country";2
"2011";"......6633 Plan-les-Ouates";"Female";"Switzerland";16
"2011";"......6633 Plan-les-Ouates";"Female";"Foreign country";3
"2011";"......6634 Pregny-Chambésy";"Male";"Switzerland";5
"2011";"......6634 Pregny-Chambésy";"Male";"Foreign country";1
"2011";"......6634 Pregny-Chambésy";"Female";"Switzerland";13
"2011";"......6634 Pregny-Chambésy";"Female";"Foreign country";3
"2011";"......6635 Presinge";"Male";"Switzerland";5
"2011";"......6635 Presinge";"Male";"Foreign country";1
"2011";"......6635 Presinge";"Female";"Switzerland";6
"2011";"......6635 Presinge";"Female";"Foreign country";2
"2011";"......6636 Puplinge";"Male";"Switzerland";3
"2011";"......6636 Puplinge";"Male";"Foreign country";2
"2011";"......6636 Puplinge";"Female";"Switzerland";3
"2011";"......6636 Puplinge";"Female";"Foreign country";2
"2011";"......6637 Russin";"Male";"Switzerland";0
"2011";"......6637 Russin";"Male";"Foreign country";0
"2011";"......6637 Russin";"Female";"Switzerland";1
"2011";"......6637 Russin";"Female";"Foreign country";0
"2011";"......6638 Satigny";"Male";"Switzerland";5
"2011";"......6638 Satigny";"Male";"Foreign country";4
"2011";"......6638 Satigny";"Female";"Switzerland";15
"2011";"......6638 Satigny";"Female";"Foreign country";0
"2011";"......6639 Soral";"Male";"Switzerland";4
"2011";"......6639 Soral";"Male";"Foreign country";0
"2011";"......6639 Soral";"Female";"Switzerland";5
"2011";"......6639 Soral";"Female";"Foreign country";0
"2011";"......6640 Thônex";"Male";"Switzerland";36
"2011";"......6640 Thônex";"Male";"Foreign country";4
"2011";"......6640 Thônex";"Female";"Switzerland";27
"2011";"......6640 Thônex";"Female";"Foreign country";8
"2011";"......6641 Troinex";"Male";"Switzerland";4
"2011";"......6641 Troinex";"Male";"Foreign country";0
"2011";"......6641 Troinex";"Female";"Switzerland";4
"2011";"......6641 Troinex";"Female";"Foreign country";1
"2011";"......6642 Vandoeuvres";"Male";"Switzerland";7
"2011";"......6642 Vandoeuvres";"Male";"Foreign country";2
"2011";"......6642 Vandoeuvres";"Female";"Switzerland";6
"2011";"......6642 Vandoeuvres";"Female";"Foreign country";2
"2011";"......6643 Vernier";"Male";"Switzerland";82
"2011";"......6643 Vernier";"Male";"Foreign country";31
"2011";"......6643 Vernier";"Female";"Switzerland";60
"2011";"......6643 Vernier";"Female";"Foreign country";21
"2011";"......6644 Versoix";"Male";"Switzerland";32
"2011";"......6644 Versoix";"Male";"Foreign country";15
"2011";"......6644 Versoix";"Female";"Switzerland";30
"2011";"......6644 Versoix";"Female";"Foreign country";10
"2011";"......6645 Veyrier";"Male";"Switzerland";35
"2011";"......6645 Veyrier";"Male";"Foreign country";5
"2011";"......6645 Veyrier";"Female";"Switzerland";66
"2011";"......6645 Veyrier";"Female";"Foreign country";4
"2012";">> Canton de Genève";"Male";"Switzerland";1116
"2012";">> Canton de Genève";"Male";"Foreign country";352
"2012";">> Canton de Genève";"Female";"Switzerland";1381
"2012";">> Canton de Genève";"Female";"Foreign country";302
"2012";"......6601 Aire-la-Ville";"Male";"Switzerland";1
"2012";"......6601 Aire-la-Ville";"Male";"Foreign country";0
"2012";"......6601 Aire-la-Ville";"Female";"Switzerland";0
"2012";"......6601 Aire-la-Ville";"Female";"Foreign country";0
"2012";"......6602 Anières";"Male";"Switzerland";1
"2012";"......6602 Anières";"Male";"Foreign country";2
"2012";"......6602 Anières";"Female";"Switzerland";2
"2012";"......6602 Anières";"Female";"Foreign country";1
"2012";"......6603 Avully";"Male";"Switzerland";5
"2012";"......6603 Avully";"Male";"Foreign country";1
"2012";"......6603 Avully";"Female";"Switzerland";2
"2012";"......6603 Avully";"Female";"Foreign country";0
"2012";"......6604 Avusy";"Male";"Switzerland";4
"2012";"......6604 Avusy";"Male";"Foreign country";0
"2012";"......6604 Avusy";"Female";"Switzerland";1
"2012";"......6604 Avusy";"Female";"Foreign country";0
"2012";"......6605 Bardonnex";"Male";"Switzerland";9
"2012";"......6605 Bardonnex";"Male";"Foreign country";1
"2012";"......6605 Bardonnex";"Female";"Switzerland";3
"2012";"......6605 Bardonnex";"Female";"Foreign country";0
"2012";"......6606 Bellevue";"Male";"Switzerland";2
"2012";"......6606 Bellevue";"Male";"Foreign country";1
"2012";"......6606 Bellevue";"Female";"Switzerland";1
"2012";"......6606 Bellevue";"Female";"Foreign country";1
"2012";"......6607 Bernex";"Male";"Switzerland";24
"2012";"......6607 Bernex";"Male";"Foreign country";7
"2012";"......6607 Bernex";"Female";"Switzerland";21
"2012";"......6607 Bernex";"Female";"Foreign country";4
"2012";"......6608 Carouge (GE)";"Male";"Switzerland";45
"2012";"......6608 Carouge (GE)";"Male";"Foreign country";13
"2012";"......6608 Carouge (GE)";"Female";"Switzerland";65
"2012";"......6608 Carouge (GE)";"Female";"Foreign country";19
"2012";"......6609 Cartigny";"Male";"Switzerland";2
"2012";"......6609 Cartigny";"Male";"Foreign country";0
"2012";"......6609 Cartigny";"Female";"Switzerland";2
"2012";"......6609 Cartigny";"Female";"Foreign country";0
"2012";"......6610 Céligny";"Male";"Switzerland";1
"2012";"......6610 Céligny";"Male";"Foreign country";1
"2012";"......6610 Céligny";"Female";"Switzerland";0
"2012";"......6610 Céligny";"Female";"Foreign country";0
"2012";"......6611 Chancy";"Male";"Switzerland";4
"2012";"......6611 Chancy";"Male";"Foreign country";0
"2012";"......6611 Chancy";"Female";"Switzerland";3
"2012";"......6611 Chancy";"Female";"Foreign country";1
"2012";"......6612 Chêne-Bougeries";"Male";"Switzerland";42
"2012";"......6612 Chêne-Bougeries";"Male";"Foreign country";12
"2012";"......6612 Chêne-Bougeries";"Female";"Switzerland";66
"2012";"......6612 Chêne-Bougeries";"Female";"Foreign country";6
"2012";"......6613 Chêne-Bourg";"Male";"Switzerland";19
"2012";"......6613 Chêne-Bourg";"Male";"Foreign country";8
"2012";"......6613 Chêne-Bourg";"Female";"Switzerland";11
"2012";"......6613 Chêne-Bourg";"Female";"Foreign country";3
"2012";"......6614 Choulex";"Male";"Switzerland";5
"2012";"......6614 Choulex";"Male";"Foreign country";1
"2012";"......6614 Choulex";"Female";"Switzerland";3
"2012";"......6614 Choulex";"Female";"Foreign country";0
"2012";"......6615 Collex-Bossy";"Male";"Switzerland";3
"2012";"......6615 Collex-Bossy";"Male";"Foreign country";0
"2012";"......6615 Collex-Bossy";"Female";"Switzerland";2
"2012";"......6615 Collex-Bossy";"Female";"Foreign country";0
"2012";"......6616 Collonge-Bellerive";"Male";"Switzerland";13
"2012";"......6616 Collonge-Bellerive";"Male";"Foreign country";2
"2012";"......6616 Collonge-Bellerive";"Female";"Switzerland";12
"2012";"......6616 Collonge-Bellerive";"Female";"Foreign country";6
"2012";"......6617 Cologny";"Male";"Switzerland";20
"2012";"......6617 Cologny";"Male";"Foreign country";5
"2012";"......6617 Cologny";"Female";"Switzerland";19
"2012";"......6617 Cologny";"Female";"Foreign country";4
"2012";"......6618 Confignon";"Male";"Switzerland";10
"2012";"......6618 Confignon";"Male";"Foreign country";2
"2012";"......6618 Confignon";"Female";"Switzerland";15
"2012";"......6618 Confignon";"Female";"Foreign country";0
"2012";"......6619 Corsier (GE)";"Male";"Switzerland";2
"2012";"......6619 Corsier (GE)";"Male";"Foreign country";1
"2012";"......6619 Corsier (GE)";"Female";"Switzerland";2
"2012";"......6619 Corsier (GE)";"Female";"Foreign country";0
"2012";"......6620 Dardagny";"Male";"Switzerland";2
"2012";"......6620 Dardagny";"Male";"Foreign country";1
"2012";"......6620 Dardagny";"Female";"Switzerland";2
"2012";"......6620 Dardagny";"Female";"Foreign country";0
"2012";"......6621 Genève";"Male";"Switzerland";412
"2012";"......6621 Genève";"Male";"Foreign country";159
"2012";"......6621 Genève";"Female";"Switzerland";639
"2012";"......6621 Genève";"Female";"Foreign country";143
"2012";"......6622 Genthod";"Male";"Switzerland";6
"2012";"......6622 Genthod";"Male";"Foreign country";0
"2012";"......6622 Genthod";"Female";"Switzerland";8
"2012";"......6622 Genthod";"Female";"Foreign country";0
"2012";"......6623 Le Grand-Saconnex";"Male";"Switzerland";22
"2012";"......6623 Le Grand-Saconnex";"Male";"Foreign country";5
"2012";"......6623 Le Grand-Saconnex";"Female";"Switzerland";27
"2012";"......6623 Le Grand-Saconnex";"Female";"Foreign country";17
"2012";"......6624 Gy";"Male";"Switzerland";2
"2012";"......6624 Gy";"Male";"Foreign country";0
"2012";"......6624 Gy";"Female";"Switzerland";1
"2012";"......6624 Gy";"Female";"Foreign country";0
"2012";"......6625 Hermance";"Male";"Switzerland";7
"2012";"......6625 Hermance";"Male";"Foreign country";1
"2012";"......6625 Hermance";"Female";"Switzerland";9
"2012";"......6625 Hermance";"Female";"Foreign country";2
"2012";"......6626 Jussy";"Male";"Switzerland";2
"2012";"......6626 Jussy";"Male";"Foreign country";1
"2012";"......6626 Jussy";"Female";"Switzerland";3
"2012";"......6626 Jussy";"Female";"Foreign country";0
"2012";"......6627 Laconnex";"Male";"Switzerland";1
"2012";"......6627 Laconnex";"Male";"Foreign country";0
"2012";"......6627 Laconnex";"Female";"Switzerland";0
"2012";"......6627 Laconnex";"Female";"Foreign country";0
"2012";"......6628 Lancy";"Male";"Switzerland";67
"2012";"......6628 Lancy";"Male";"Foreign country";16
"2012";"......6628 Lancy";"Female";"Switzerland";74
"2012";"......6628 Lancy";"Female";"Foreign country";24
"2012";"......6629 Meinier";"Male";"Switzerland";3
"2012";"......6629 Meinier";"Male";"Foreign country";1
"2012";"......6629 Meinier";"Female";"Switzerland";3
"2012";"......6629 Meinier";"Female";"Foreign country";1
"2012";"......6630 Meyrin";"Male";"Switzerland";49
"2012";"......6630 Meyrin";"Male";"Foreign country";21
"2012";"......6630 Meyrin";"Female";"Switzerland";55
"2012";"......6630 Meyrin";"Female";"Foreign country";12
"2012";"......6631 Onex";"Male";"Switzerland";62
"2012";"......6631 Onex";"Male";"Foreign country";12
"2012";"......6631 Onex";"Female";"Switzerland";71
"2012";"......6631 Onex";"Female";"Foreign country";5
"2012";"......6632 Perly-Certoux";"Male";"Switzerland";5
"2012";"......6632 Perly-Certoux";"Male";"Foreign country";1
"2012";"......6632 Perly-Certoux";"Female";"Switzerland";3
"2012";"......6632 Perly-Certoux";"Female";"Foreign country";0
"2012";"......6633 Plan-les-Ouates";"Male";"Switzerland";22
"2012";"......6633 Plan-les-Ouates";"Male";"Foreign country";10
"2012";"......6633 Plan-les-Ouates";"Female";"Switzerland";17
"2012";"......6633 Plan-les-Ouates";"Female";"Foreign country";1
"2012";"......6634 Pregny-Chambésy";"Male";"Switzerland";8
"2012";"......6634 Pregny-Chambésy";"Male";"Foreign country";2
"2012";"......6634 Pregny-Chambésy";"Female";"Switzerland";10
"2012";"......6634 Pregny-Chambésy";"Female";"Foreign country";0
"2012";"......6635 Presinge";"Male";"Switzerland";6
"2012";"......6635 Presinge";"Male";"Foreign country";1
"2012";"......6635 Presinge";"Female";"Switzerland";3
"2012";"......6635 Presinge";"Female";"Foreign country";3
"2012";"......6636 Puplinge";"Male";"Switzerland";8
"2012";"......6636 Puplinge";"Male";"Foreign country";0
"2012";"......6636 Puplinge";"Female";"Switzerland";2
"2012";"......6636 Puplinge";"Female";"Foreign country";0
"2012";"......6637 Russin";"Male";"Switzerland";3
"2012";"......6637 Russin";"Male";"Foreign country";0
"2012";"......6637 Russin";"Female";"Switzerland";0
"2012";"......6637 Russin";"Female";"Foreign country";0
"2012";"......6638 Satigny";"Male";"Switzerland";10
"2012";"......6638 Satigny";"Male";"Foreign country";3
"2012";"......6638 Satigny";"Female";"Switzerland";13
"2012";"......6638 Satigny";"Female";"Foreign country";3
"2012";"......6639 Soral";"Male";"Switzerland";2
"2012";"......6639 Soral";"Male";"Foreign country";1
"2012";"......6639 Soral";"Female";"Switzerland";15
"2012";"......6639 Soral";"Female";"Foreign country";0
"2012";"......6640 Thônex";"Male";"Switzerland";32
"2012";"......6640 Thônex";"Male";"Foreign country";10
"2012";"......6640 Thônex";"Female";"Switzerland";32
"2012";"......6640 Thônex";"Female";"Foreign country";9
"2012";"......6641 Troinex";"Male";"Switzerland";7
"2012";"......6641 Troinex";"Male";"Foreign country";2
"2012";"......6641 Troinex";"Female";"Switzerland";3
"2012";"......6641 Troinex";"Female";"Foreign country";0
"2012";"......6642 Vandoeuvres";"Male";"Switzerland";7
"2012";"......6642 Vandoeuvres";"Male";"Foreign country";0
"2012";"......6642 Vandoeuvres";"Female";"Switzerland";5
"2012";"......6642 Vandoeuvres";"Female";"Foreign country";1
"2012";"......6643 Vernier";"Male";"Switzerland";73
"2012";"......6643 Vernier";"Male";"Foreign country";34
"2012";"......6643 Vernier";"Female";"Switzerland";50
"2012";"......6643 Vernier";"Female";"Foreign country";22
"2012";"......6644 Versoix";"Male";"Switzerland";33
"2012";"......6644 Versoix";"Male";"Foreign country";4
"2012";"......6644 Versoix";"Female";"Switzerland";42
"2012";"......6644 Versoix";"Female";"Foreign country";5
"2012";"......6645 Veyrier";"Male";"Switzerland";53
"2012";"......6645 Veyrier";"Male";"Foreign country";10
"2012";"......6645 Veyrier";"Female";"Switzerland";64
"2012";"......6645 Veyrier";"Female";"Foreign country";9
"2013";">> Canton de Genève";"Male";"Switzerland";1171
"2013";">> Canton de Genève";"Male";"Foreign country";393
"2013";">> Canton de Genève";"Female";"Switzerland";1459
"2013";">> Canton de Genève";"Female";"Foreign country";299
"2013";"......6601 Aire-la-Ville";"Male";"Switzerland";1
"2013";"......6601 Aire-la-Ville";"Male";"Foreign country";0
"2013";"......6601 Aire-la-Ville";"Female";"Switzerland";0
"2013";"......6601 Aire-la-Ville";"Female";"Foreign country";0
"2013";"......6602 Anières";"Male";"Switzerland";4
"2013";"......6602 Anières";"Male";"Foreign country";0
"2013";"......6602 Anières";"Female";"Switzerland";6
"2013";"......6602 Anières";"Female";"Foreign country";2
"2013";"......6603 Avully";"Male";"Switzerland";3
"2013";"......6603 Avully";"Male";"Foreign country";0
"2013";"......6603 Avully";"Female";"Switzerland";1
"2013";"......6603 Avully";"Female";"Foreign country";1
"2013";"......6604 Avusy";"Male";"Switzerland";2
"2013";"......6604 Avusy";"Male";"Foreign country";0
"2013";"......6604 Avusy";"Female";"Switzerland";3
"2013";"......6604 Avusy";"Female";"Foreign country";1
"2013";"......6605 Bardonnex";"Male";"Switzerland";5
"2013";"......6605 Bardonnex";"Male";"Foreign country";0
"2013";"......6605 Bardonnex";"Female";"Switzerland";2
"2013";"......6605 Bardonnex";"Female";"Foreign country";2
"2013";"......6606 Bellevue";"Male";"Switzerland";5
"2013";"......6606 Bellevue";"Male";"Foreign country";1
"2013";"......6606 Bellevue";"Female";"Switzerland";0
"2013";"......6606 Bellevue";"Female";"Foreign country";0
"2013";"......6607 Bernex";"Male";"Switzerland";26
"2013";"......6607 Bernex";"Male";"Foreign country";6
"2013";"......6607 Bernex";"Female";"Switzerland";30
"2013";"......6607 Bernex";"Female";"Foreign country";2
"2013";"......6608 Carouge (GE)";"Male";"Switzerland";39
"2013";"......6608 Carouge (GE)";"Male";"Foreign country";15
"2013";"......6608 Carouge (GE)";"Female";"Switzerland";42
"2013";"......6608 Carouge (GE)";"Female";"Foreign country";10
"2013";"......6609 Cartigny";"Male";"Switzerland";2
"2013";"......6609 Cartigny";"Male";"Foreign country";0
"2013";"......6609 Cartigny";"Female";"Switzerland";2
"2013";"......6609 Cartigny";"Female";"Foreign country";0
"2013";"......6610 Céligny";"Male";"Switzerland";2
"2013";"......6610 Céligny";"Male";"Foreign country";0
"2013";"......6610 Céligny";"Female";"Switzerland";5
"2013";"......6610 Céligny";"Female";"Foreign country";1
"2013";"......6611 Chancy";"Male";"Switzerland";1
"2013";"......6611 Chancy";"Male";"Foreign country";0
"2013";"......6611 Chancy";"Female";"Switzerland";2
"2013";"......6611 Chancy";"Female";"Foreign country";0
"2013";"......6612 Chêne-Bougeries";"Male";"Switzerland";44
"2013";"......6612 Chêne-Bougeries";"Male";"Foreign country";17
"2013";"......6612 Chêne-Bougeries";"Female";"Switzerland";73
"2013";"......6612 Chêne-Bougeries";"Female";"Foreign country";20
"2013";"......6613 Chêne-Bourg";"Male";"Switzerland";20
"2013";"......6613 Chêne-Bourg";"Male";"Foreign country";6
"2013";"......6613 Chêne-Bourg";"Female";"Switzerland";12
"2013";"......6613 Chêne-Bourg";"Female";"Foreign country";6
"2013";"......6614 Choulex";"Male";"Switzerland";3
"2013";"......6614 Choulex";"Male";"Foreign country";0
"2013";"......6614 Choulex";"Female";"Switzerland";3
"2013";"......6614 Choulex";"Female";"Foreign country";0
"2013";"......6615 Collex-Bossy";"Male";"Switzerland";3
"2013";"......6615 Collex-Bossy";"Male";"Foreign country";0
"2013";"......6615 Collex-Bossy";"Female";"Switzerland";1
"2013";"......6615 Collex-Bossy";"Female";"Foreign country";0
"2013";"......6616 Collonge-Bellerive";"Male";"Switzerland";16
"2013";"......6616 Collonge-Bellerive";"Male";"Foreign country";3
"2013";"......6616 Collonge-Bellerive";"Female";"Switzerland";17
"2013";"......6616 Collonge-Bellerive";"Female";"Foreign country";0
"2013";"......6617 Cologny";"Male";"Switzerland";20
"2013";"......6617 Cologny";"Male";"Foreign country";7
"2013";"......6617 Cologny";"Female";"Switzerland";25
"2013";"......6617 Cologny";"Female";"Foreign country";6
"2013";"......6618 Confignon";"Male";"Switzerland";3
"2013";"......6618 Confignon";"Male";"Foreign country";0
"2013";"......6618 Confignon";"Female";"Switzerland";10
"2013";"......6618 Confignon";"Female";"Foreign country";3
"2013";"......6619 Corsier (GE)";"Male";"Switzerland";2
"2013";"......6619 Corsier (GE)";"Male";"Foreign country";0
"2013";"......6619 Corsier (GE)";"Female";"Switzerland";1
"2013";"......6619 Corsier (GE)";"Female";"Foreign country";0
"2013";"......6620 Dardagny";"Male";"Switzerland";6
"2013";"......6620 Dardagny";"Male";"Foreign country";1
"2013";"......6620 Dardagny";"Female";"Switzerland";0
"2013";"......6620 Dardagny";"Female";"Foreign country";0
"2013";"......6621 Genève";"Male";"Switzerland";480
"2013";"......6621 Genève";"Male";"Foreign country";176
"2013";"......6621 Genève";"Female";"Switzerland";644
"2013";"......6621 Genève";"Female";"Foreign country";149
"2013";"......6622 Genthod";"Male";"Switzerland";3
"2013";"......6622 Genthod";"Male";"Foreign country";2
"2013";"......6622 Genthod";"Female";"Switzerland";6
"2013";"......6622 Genthod";"Female";"Foreign country";1
"2013";"......6623 Le Grand-Saconnex";"Male";"Switzerland";20
"2013";"......6623 Le Grand-Saconnex";"Male";"Foreign country";8
"2013";"......6623 Le Grand-Saconnex";"Female";"Switzerland";30
"2013";"......6623 Le Grand-Saconnex";"Female";"Foreign country";5
"2013";"......6624 Gy";"Male";"Switzerland";1
"2013";"......6624 Gy";"Male";"Foreign country";0
"2013";"......6624 Gy";"Female";"Switzerland";3
"2013";"......6624 Gy";"Female";"Foreign country";0
"2013";"......6625 Hermance";"Male";"Switzerland";4
"2013";"......6625 Hermance";"Male";"Foreign country";0
"2013";"......6625 Hermance";"Female";"Switzerland";9
"2013";"......6625 Hermance";"Female";"Foreign country";0
"2013";"......6626 Jussy";"Male";"Switzerland";4
"2013";"......6626 Jussy";"Male";"Foreign country";0
"2013";"......6626 Jussy";"Female";"Switzerland";2
"2013";"......6626 Jussy";"Female";"Foreign country";0
"2013";"......6627 Laconnex";"Male";"Switzerland";3
"2013";"......6627 Laconnex";"Male";"Foreign country";0
"2013";"......6627 Laconnex";"Female";"Switzerland";0
"2013";"......6627 Laconnex";"Female";"Foreign country";0
"2013";"......6628 Lancy";"Male";"Switzerland";66
"2013";"......6628 Lancy";"Male";"Foreign country";25
"2013";"......6628 Lancy";"Female";"Switzerland";65
"2013";"......6628 Lancy";"Female";"Foreign country";9
"2013";"......6629 Meinier";"Male";"Switzerland";1
"2013";"......6629 Meinier";"Male";"Foreign country";0
"2013";"......6629 Meinier";"Female";"Switzerland";3
"2013";"......6629 Meinier";"Female";"Foreign country";1
"2013";"......6630 Meyrin";"Male";"Switzerland";48
"2013";"......6630 Meyrin";"Male";"Foreign country";25
"2013";"......6630 Meyrin";"Female";"Switzerland";55
"2013";"......6630 Meyrin";"Female";"Foreign country";14
"2013";"......6631 Onex";"Male";"Switzerland";52
"2013";"......6631 Onex";"Male";"Foreign country";16
"2013";"......6631 Onex";"Female";"Switzerland";68
"2013";"......6631 Onex";"Female";"Foreign country";10
"2013";"......6632 Perly-Certoux";"Male";"Switzerland";7
"2013";"......6632 Perly-Certoux";"Male";"Foreign country";2
"2013";"......6632 Perly-Certoux";"Female";"Switzerland";2
"2013";"......6632 Perly-Certoux";"Female";"Foreign country";2
"2013";"......6633 Plan-les-Ouates";"Male";"Switzerland";19
"2013";"......6633 Plan-les-Ouates";"Male";"Foreign country";5
"2013";"......6633 Plan-les-Ouates";"Female";"Switzerland";23
"2013";"......6633 Plan-les-Ouates";"Female";"Foreign country";6
"2013";"......6634 Pregny-Chambésy";"Male";"Switzerland";13
"2013";"......6634 Pregny-Chambésy";"Male";"Foreign country";3
"2013";"......6634 Pregny-Chambésy";"Female";"Switzerland";17
"2013";"......6634 Pregny-Chambésy";"Female";"Foreign country";2
"2013";"......6635 Presinge";"Male";"Switzerland";9
"2013";"......6635 Presinge";"Male";"Foreign country";1
"2013";"......6635 Presinge";"Female";"Switzerland";10
"2013";"......6635 Presinge";"Female";"Foreign country";2
"2013";"......6636 Puplinge";"Male";"Switzerland";4
"2013";"......6636 Puplinge";"Male";"Foreign country";2
"2013";"......6636 Puplinge";"Female";"Switzerland";6
"2013";"......6636 Puplinge";"Female";"Foreign country";0
"2013";"......6637 Russin";"Male";"Switzerland";1
"2013";"......6637 Russin";"Male";"Foreign country";0
"2013";"......6637 Russin";"Female";"Switzerland";1
"2013";"......6637 Russin";"Female";"Foreign country";0
"2013";"......6638 Satigny";"Male";"Switzerland";14
"2013";"......6638 Satigny";"Male";"Foreign country";4
"2013";"......6638 Satigny";"Female";"Switzerland";15
"2013";"......6638 Satigny";"Female";"Foreign country";5
"2013";"......6639 Soral";"Male";"Switzerland";7
"2013";"......6639 Soral";"Male";"Foreign country";0
"2013";"......6639 Soral";"Female";"Switzerland";11
"2013";"......6639 Soral";"Female";"Foreign country";2
"2013";"......6640 Thônex";"Male";"Switzerland";33
"2013";"......6640 Thônex";"Male";"Foreign country";19
"2013";"......6640 Thônex";"Female";"Switzerland";43
"2013";"......6640 Thônex";"Female";"Foreign country";6
"2013";"......6641 Troinex";"Male";"Switzerland";7
"2013";"......6641 Troinex";"Male";"Foreign country";0
"2013";"......6641 Troinex";"Female";"Switzerland";1
"2013";"......6641 Troinex";"Female";"Foreign country";0
"2013";"......6642 Vandoeuvres";"Male";"Switzerland";7
"2013";"......6642 Vandoeuvres";"Male";"Foreign country";2
"2013";"......6642 Vandoeuvres";"Female";"Switzerland";18
"2013";"......6642 Vandoeuvres";"Female";"Foreign country";1
"2013";"......6643 Vernier";"Male";"Switzerland";69
"2013";"......6643 Vernier";"Male";"Foreign country";29
"2013";"......6643 Vernier";"Female";"Switzerland";61
"2013";"......6643 Vernier";"Female";"Foreign country";17
"2013";"......6644 Versoix";"Male";"Switzerland";35
"2013";"......6644 Versoix";"Male";"Foreign country";7
"2013";"......6644 Versoix";"Female";"Switzerland";45
"2013";"......6644 Versoix";"Female";"Foreign country";9
"2013";"......6645 Veyrier";"Male";"Switzerland";57
"2013";"......6645 Veyrier";"Male";"Foreign country";11
"2013";"......6645 Veyrier";"Female";"Switzerland";86
"2013";"......6645 Veyrier";"Female";"Foreign country";4
"2014";">> Canton de Genève";"Male";"Switzerland";1127
"2014";">> Canton de Genève";"Male";"Foreign country";400
"2014";">> Canton de Genève";"Female";"Switzerland";1346
"2014";">> Canton de Genève";"Female";"Foreign country";286
"2014";"......6601 Aire-la-Ville";"Male";"Switzerland";3
"2014";"......6601 Aire-la-Ville";"Male";"Foreign country";0
"2014";"......6601 Aire-la-Ville";"Female";"Switzerland";1
"2014";"......6601 Aire-la-Ville";"Female";"Foreign country";0
"2014";"......6602 Anières";"Male";"Switzerland";6
"2014";"......6602 Anières";"Male";"Foreign country";1
"2014";"......6602 Anières";"Female";"Switzerland";2
"2014";"......6602 Anières";"Female";"Foreign country";0
"2014";"......6603 Avully";"Male";"Switzerland";3
"2014";"......6603 Avully";"Male";"Foreign country";0
"2014";"......6603 Avully";"Female";"Switzerland";0
"2014";"......6603 Avully";"Female";"Foreign country";0
"2014";"......6604 Avusy";"Male";"Switzerland";2
"2014";"......6604 Avusy";"Male";"Foreign country";1
"2014";"......6604 Avusy";"Female";"Switzerland";0
"2014";"......6604 Avusy";"Female";"Foreign country";0
"2014";"......6605 Bardonnex";"Male";"Switzerland";6
"2014";"......6605 Bardonnex";"Male";"Foreign country";1
"2014";"......6605 Bardonnex";"Female";"Switzerland";4
"2014";"......6605 Bardonnex";"Female";"Foreign country";1
"2014";"......6606 Bellevue";"Male";"Switzerland";3
"2014";"......6606 Bellevue";"Male";"Foreign country";1
"2014";"......6606 Bellevue";"Female";"Switzerland";3
"2014";"......6606 Bellevue";"Female";"Foreign country";2
"2014";"......6607 Bernex";"Male";"Switzerland";19
"2014";"......6607 Bernex";"Male";"Foreign country";7
"2014";"......6607 Bernex";"Female";"Switzerland";19
"2014";"......6607 Bernex";"Female";"Foreign country";0
"2014";"......6608 Carouge (GE)";"Male";"Switzerland";61
"2014";"......6608 Carouge (GE)";"Male";"Foreign country";18
"2014";"......6608 Carouge (GE)";"Female";"Switzerland";70
"2014";"......6608 Carouge (GE)";"Female";"Foreign country";12
"2014";"......6609 Cartigny";"Male";"Switzerland";4
"2014";"......6609 Cartigny";"Male";"Foreign country";0
"2014";"......6609 Cartigny";"Female";"Switzerland";1
"2014";"......6609 Cartigny";"Female";"Foreign country";0
"2014";"......6610 Céligny";"Male";"Switzerland";1
"2014";"......6610 Céligny";"Male";"Foreign country";0
"2014";"......6610 Céligny";"Female";"Switzerland";1
"2014";"......6610 Céligny";"Female";"Foreign country";1
"2014";"......6611 Chancy";"Male";"Switzerland";1
"2014";"......6611 Chancy";"Male";"Foreign country";0
"2014";"......6611 Chancy";"Female";"Switzerland";2
"2014";"......6611 Chancy";"Female";"Foreign country";0
"2014";"......6612 Chêne-Bougeries";"Male";"Switzerland";48
"2014";"......6612 Chêne-Bougeries";"Male";"Foreign country";6
"2014";"......6612 Chêne-Bougeries";"Female";"Switzerland";68
"2014";"......6612 Chêne-Bougeries";"Female";"Foreign country";12
"2014";"......6613 Chêne-Bourg";"Male";"Switzerland";11
"2014";"......6613 Chêne-Bourg";"Male";"Foreign country";8
"2014";"......6613 Chêne-Bourg";"Female";"Switzerland";11
"2014";"......6613 Chêne-Bourg";"Female";"Foreign country";5
"2014";"......6614 Choulex";"Male";"Switzerland";1
"2014";"......6614 Choulex";"Male";"Foreign country";0
"2014";"......6614 Choulex";"Female";"Switzerland";2
"2014";"......6614 Choulex";"Female";"Foreign country";0
"2014";"......6615 Collex-Bossy";"Male";"Switzerland";3
"2014";"......6615 Collex-Bossy";"Male";"Foreign country";0
"2014";"......6615 Collex-Bossy";"Female";"Switzerland";2
"2014";"......6615 Collex-Bossy";"Female";"Foreign country";0
"2014";"......6616 Collonge-Bellerive";"Male";"Switzerland";18
"2014";"......6616 Collonge-Bellerive";"Male";"Foreign country";5
"2014";"......6616 Collonge-Bellerive";"Female";"Switzerland";20
"2014";"......6616 Collonge-Bellerive";"Female";"Foreign country";3
"2014";"......6617 Cologny";"Male";"Switzerland";17
"2014";"......6617 Cologny";"Male";"Foreign country";7
"2014";"......6617 Cologny";"Female";"Switzerland";23
"2014";"......6617 Cologny";"Female";"Foreign country";6
"2014";"......6618 Confignon";"Male";"Switzerland";14
"2014";"......6618 Confignon";"Male";"Foreign country";2
"2014";"......6618 Confignon";"Female";"Switzerland";11
"2014";"......6618 Confignon";"Female";"Foreign country";3
"2014";"......6619 Corsier (GE)";"Male";"Switzerland";4
"2014";"......6619 Corsier (GE)";"Male";"Foreign country";0
"2014";"......6619 Corsier (GE)";"Female";"Switzerland";1
"2014";"......6619 Corsier (GE)";"Female";"Foreign country";0
"2014";"......6620 Dardagny";"Male";"Switzerland";3
"2014";"......6620 Dardagny";"Male";"Foreign country";2
"2014";"......6620 Dardagny";"Female";"Switzerland";1
"2014";"......6620 Dardagny";"Female";"Foreign country";0
"2014";"......6621 Genève";"Male";"Switzerland";454
"2014";"......6621 Genève";"Male";"Foreign country";181
"2014";"......6621 Genève";"Female";"Switzerland";586
"2014";"......6621 Genève";"Female";"Foreign country";138
"2014";"......6622 Genthod";"Male";"Switzerland";4
"2014";"......6622 Genthod";"Male";"Foreign country";4
"2014";"......6622 Genthod";"Female";"Switzerland";3
"2014";"......6622 Genthod";"Female";"Foreign country";1
"2014";"......6623 Le Grand-Saconnex";"Male";"Switzerland";22
"2014";"......6623 Le Grand-Saconnex";"Male";"Foreign country";6
"2014";"......6623 Le Grand-Saconnex";"Female";"Switzerland";23
"2014";"......6623 Le Grand-Saconnex";"Female";"Foreign country";10
"2014";"......6624 Gy";"Male";"Switzerland";0
"2014";"......6624 Gy";"Male";"Foreign country";0
"2014";"......6624 Gy";"Female";"Switzerland";1
"2014";"......6624 Gy";"Female";"Foreign country";0
"2014";"......6625 Hermance";"Male";"Switzerland";4
"2014";"......6625 Hermance";"Male";"Foreign country";0
"2014";"......6625 Hermance";"Female";"Switzerland";4
"2014";"......6625 Hermance";"Female";"Foreign country";0
"2014";"......6626 Jussy";"Male";"Switzerland";3
"2014";"......6626 Jussy";"Male";"Foreign country";1
"2014";"......6626 Jussy";"Female";"Switzerland";3
"2014";"......6626 Jussy";"Female";"Foreign country";0
"2014";"......6627 Laconnex";"Male";"Switzerland";0
"2014";"......6627 Laconnex";"Male";"Foreign country";1
"2014";"......6627 Laconnex";"Female";"Switzerland";0
"2014";"......6627 Laconnex";"Female";"Foreign country";0
"2014";"......6628 Lancy";"Male";"Switzerland";81
"2014";"......6628 Lancy";"Male";"Foreign country";25
"2014";"......6628 Lancy";"Female";"Switzerland";92
"2014";"......6628 Lancy";"Female";"Foreign country";20
"2014";"......6629 Meinier";"Male";"Switzerland";4
"2014";"......6629 Meinier";"Male";"Foreign country";1
"2014";"......6629 Meinier";"Female";"Switzerland";4
"2014";"......6629 Meinier";"Female";"Foreign country";1
"2014";"......6630 Meyrin";"Male";"Switzerland";36
"2014";"......6630 Meyrin";"Male";"Foreign country";13
"2014";"......6630 Meyrin";"Female";"Switzerland";35
"2014";"......6630 Meyrin";"Female";"Foreign country";13
"2014";"......6631 Onex";"Male";"Switzerland";53
"2014";"......6631 Onex";"Male";"Foreign country";19
"2014";"......6631 Onex";"Female";"Switzerland";53
"2014";"......6631 Onex";"Female";"Foreign country";13
"2014";"......6632 Perly-Certoux";"Male";"Switzerland";11
"2014";"......6632 Perly-Certoux";"Male";"Foreign country";1
"2014";"......6632 Perly-Certoux";"Female";"Switzerland";3
"2014";"......6632 Perly-Certoux";"Female";"Foreign country";0
"2014";"......6633 Plan-les-Ouates";"Male";"Switzerland";17
"2014";"......6633 Plan-les-Ouates";"Male";"Foreign country";8
"2014";"......6633 Plan-les-Ouates";"Female";"Switzerland";23
"2014";"......6633 Plan-les-Ouates";"Female";"Foreign country";6
"2014";"......6634 Pregny-Chambésy";"Male";"Switzerland";9
"2014";"......6634 Pregny-Chambésy";"Male";"Foreign country";3
"2014";"......6634 Pregny-Chambésy";"Female";"Switzerland";19
"2014";"......6634 Pregny-Chambésy";"Female";"Foreign country";0
"2014";"......6635 Presinge";"Male";"Switzerland";6
"2014";"......6635 Presinge";"Male";"Foreign country";3
"2014";"......6635 Presinge";"Female";"Switzerland";9
"2014";"......6635 Presinge";"Female";"Foreign country";1
"2014";"......6636 Puplinge";"Male";"Switzerland";6
"2014";"......6636 Puplinge";"Male";"Foreign country";0
"2014";"......6636 Puplinge";"Female";"Switzerland";4
"2014";"......6636 Puplinge";"Female";"Foreign country";1
"2014";"......6637 Russin";"Male";"Switzerland";0
"2014";"......6637 Russin";"Male";"Foreign country";0
"2014";"......6637 Russin";"Female";"Switzerland";0
"2014";"......6637 Russin";"Female";"Foreign country";0
"2014";"......6638 Satigny";"Male";"Switzerland";11
"2014";"......6638 Satigny";"Male";"Foreign country";3
"2014";"......6638 Satigny";"Female";"Switzerland";12
"2014";"......6638 Satigny";"Female";"Foreign country";0
"2014";"......6639 Soral";"Male";"Switzerland";3
"2014";"......6639 Soral";"Male";"Foreign country";1
"2014";"......6639 Soral";"Female";"Switzerland";9
"2014";"......6639 Soral";"Female";"Foreign country";0
"2014";"......6640 Thônex";"Male";"Switzerland";23
"2014";"......6640 Thônex";"Male";"Foreign country";9
"2014";"......6640 Thônex";"Female";"Switzerland";27
"2014";"......6640 Thônex";"Female";"Foreign country";5
"2014";"......6641 Troinex";"Male";"Switzerland";3
"2014";"......6641 Troinex";"Male";"Foreign country";1
"2014";"......6641 Troinex";"Female";"Switzerland";4
"2014";"......6641 Troinex";"Female";"Foreign country";0
"2014";"......6642 Vandoeuvres";"Male";"Switzerland";7
"2014";"......6642 Vandoeuvres";"Male";"Foreign country";2
"2014";"......6642 Vandoeuvres";"Female";"Switzerland";8
"2014";"......6642 Vandoeuvres";"Female";"Foreign country";1
"2014";"......6643 Vernier";"Male";"Switzerland";60
"2014";"......6643 Vernier";"Male";"Foreign country";37
"2014";"......6643 Vernier";"Female";"Switzerland";64
"2014";"......6643 Vernier";"Female";"Foreign country";14
"2014";"......6644 Versoix";"Male";"Switzerland";37
"2014";"......6644 Versoix";"Male";"Foreign country";11
"2014";"......6644 Versoix";"Female";"Switzerland";49
"2014";"......6644 Versoix";"Female";"Foreign country";12
"2014";"......6645 Veyrier";"Male";"Switzerland";45
"2014";"......6645 Veyrier";"Male";"Foreign country";11
"2014";"......6645 Veyrier";"Female";"Switzerland";69
"2014";"......6645 Veyrier";"Female";"Foreign country";5
"2015";">> Canton de Genève";"Male";"Switzerland";1164
"2015";">> Canton de Genève";"Male";"Foreign country";402
"2015";">> Canton de Genève";"Female";"Switzerland";1518
"2015";">> Canton de Genève";"Female";"Foreign country";321
"2015";"......6601 Aire-la-Ville";"Male";"Switzerland";5
"2015";"......6601 Aire-la-Ville";"Male";"Foreign country";0
"2015";"......6601 Aire-la-Ville";"Female";"Switzerland";2
"2015";"......6601 Aire-la-Ville";"Female";"Foreign country";0
"2015";"......6602 Anières";"Male";"Switzerland";4
"2015";"......6602 Anières";"Male";"Foreign country";1
"2015";"......6602 Anières";"Female";"Switzerland";0
"2015";"......6602 Anières";"Female";"Foreign country";0
"2015";"......6603 Avully";"Male";"Switzerland";3
"2015";"......6603 Avully";"Male";"Foreign country";0
"2015";"......6603 Avully";"Female";"Switzerland";1
"2015";"......6603 Avully";"Female";"Foreign country";1
"2015";"......6604 Avusy";"Male";"Switzerland";1
"2015";"......6604 Avusy";"Male";"Foreign country";0
"2015";"......6604 Avusy";"Female";"Switzerland";2
"2015";"......6604 Avusy";"Female";"Foreign country";0
"2015";"......6605 Bardonnex";"Male";"Switzerland";5
"2015";"......6605 Bardonnex";"Male";"Foreign country";1
"2015";"......6605 Bardonnex";"Female";"Switzerland";1
"2015";"......6605 Bardonnex";"Female";"Foreign country";0
"2015";"......6606 Bellevue";"Male";"Switzerland";4
"2015";"......6606 Bellevue";"Male";"Foreign country";2
"2015";"......6606 Bellevue";"Female";"Switzerland";2
"2015";"......6606 Bellevue";"Female";"Foreign country";0
"2015";"......6607 Bernex";"Male";"Switzerland";34
"2015";"......6607 Bernex";"Male";"Foreign country";6
"2015";"......6607 Bernex";"Female";"Switzerland";23
"2015";"......6607 Bernex";"Female";"Foreign country";5
"2015";"......6608 Carouge (GE)";"Male";"Switzerland";54
"2015";"......6608 Carouge (GE)";"Male";"Foreign country";19
"2015";"......6608 Carouge (GE)";"Female";"Switzerland";44
"2015";"......6608 Carouge (GE)";"Female";"Foreign country";16
"2015";"......6609 Cartigny";"Male";"Switzerland";2
"2015";"......6609 Cartigny";"Male";"Foreign country";0
"2015";"......6609 Cartigny";"Female";"Switzerland";0
"2015";"......6609 Cartigny";"Female";"Foreign country";0
"2015";"......6610 Céligny";"Male";"Switzerland";1
"2015";"......6610 Céligny";"Male";"Foreign country";0
"2015";"......6610 Céligny";"Female";"Switzerland";1
"2015";"......6610 Céligny";"Female";"Foreign country";0
"2015";"......6611 Chancy";"Male";"Switzerland";1
"2015";"......6611 Chancy";"Male";"Foreign country";0
"2015";"......6611 Chancy";"Female";"Switzerland";2
"2015";"......6611 Chancy";"Female";"Foreign country";0
"2015";"......6612 Chêne-Bougeries";"Male";"Switzerland";46
"2015";"......6612 Chêne-Bougeries";"Male";"Foreign country";11
"2015";"......6612 Chêne-Bougeries";"Female";"Switzerland";95
"2015";"......6612 Chêne-Bougeries";"Female";"Foreign country";12
"2015";"......6613 Chêne-Bourg";"Male";"Switzerland";17
"2015";"......6613 Chêne-Bourg";"Male";"Foreign country";2
"2015";"......6613 Chêne-Bourg";"Female";"Switzerland";15
"2015";"......6613 Chêne-Bourg";"Female";"Foreign country";4
"2015";"......6614 Choulex";"Male";"Switzerland";0
"2015";"......6614 Choulex";"Male";"Foreign country";1
"2015";"......6614 Choulex";"Female";"Switzerland";5
"2015";"......6614 Choulex";"Female";"Foreign country";0
"2015";"......6615 Collex-Bossy";"Male";"Switzerland";1
"2015";"......6615 Collex-Bossy";"Male";"Foreign country";2
"2015";"......6615 Collex-Bossy";"Female";"Switzerland";1
"2015";"......6615 Collex-Bossy";"Female";"Foreign country";0
"2015";"......6616 Collonge-Bellerive";"Male";"Switzerland";17
"2015";"......6616 Collonge-Bellerive";"Male";"Foreign country";3
"2015";"......6616 Collonge-Bellerive";"Female";"Switzerland";23
"2015";"......6616 Collonge-Bellerive";"Female";"Foreign country";1
"2015";"......6617 Cologny";"Male";"Switzerland";13
"2015";"......6617 Cologny";"Male";"Foreign country";8
"2015";"......6617 Cologny";"Female";"Switzerland";34
"2015";"......6617 Cologny";"Female";"Foreign country";3
"2015";"......6618 Confignon";"Male";"Switzerland";7
"2015";"......6618 Confignon";"Male";"Foreign country";5
"2015";"......6618 Confignon";"Female";"Switzerland";10
"2015";"......6618 Confignon";"Female";"Foreign country";7
"2015";"......6619 Corsier (GE)";"Male";"Switzerland";1
"2015";"......6619 Corsier (GE)";"Male";"Foreign country";1
"2015";"......6619 Corsier (GE)";"Female";"Switzerland";4
"2015";"......6619 Corsier (GE)";"Female";"Foreign country";0
"2015";"......6620 Dardagny";"Male";"Switzerland";4
"2015";"......6620 Dardagny";"Male";"Foreign country";0
"2015";"......6620 Dardagny";"Female";"Switzerland";1
"2015";"......6620 Dardagny";"Female";"Foreign country";0
"2015";"......6621 Genève";"Male";"Switzerland";460
"2015";"......6621 Genève";"Male";"Foreign country";177
"2015";"......6621 Genève";"Female";"Switzerland";639
"2015";"......6621 Genève";"Female";"Foreign country";157
"2015";"......6622 Genthod";"Male";"Switzerland";5
"2015";"......6622 Genthod";"Male";"Foreign country";1
"2015";"......6622 Genthod";"Female";"Switzerland";8
"2015";"......6622 Genthod";"Female";"Foreign country";0
"2015";"......6623 Le Grand-Saconnex";"Male";"Switzerland";18
"2015";"......6623 Le Grand-Saconnex";"Male";"Foreign country";9
"2015";"......6623 Le Grand-Saconnex";"Female";"Switzerland";29
"2015";"......6623 Le Grand-Saconnex";"Female";"Foreign country";6
"2015";"......6624 Gy";"Male";"Switzerland";1
"2015";"......6624 Gy";"Male";"Foreign country";0
"2015";"......6624 Gy";"Female";"Switzerland";1
"2015";"......6624 Gy";"Female";"Foreign country";0
"2015";"......6625 Hermance";"Male";"Switzerland";5
"2015";"......6625 Hermance";"Male";"Foreign country";0
"2015";"......6625 Hermance";"Female";"Switzerland";5
"2015";"......6625 Hermance";"Female";"Foreign country";3
"2015";"......6626 Jussy";"Male";"Switzerland";1
"2015";"......6626 Jussy";"Male";"Foreign country";1
"2015";"......6626 Jussy";"Female";"Switzerland";3
"2015";"......6626 Jussy";"Female";"Foreign country";0
"2015";"......6627 Laconnex";"Male";"Switzerland";1
"2015";"......6627 Laconnex";"Male";"Foreign country";0
"2015";"......6627 Laconnex";"Female";"Switzerland";0
"2015";"......6627 Laconnex";"Female";"Foreign country";0
"2015";"......6628 Lancy";"Male";"Switzerland";75
"2015";"......6628 Lancy";"Male";"Foreign country";28
"2015";"......6628 Lancy";"Female";"Switzerland";72
"2015";"......6628 Lancy";"Female";"Foreign country";13
"2015";"......6629 Meinier";"Male";"Switzerland";6
"2015";"......6629 Meinier";"Male";"Foreign country";1
"2015";"......6629 Meinier";"Female";"Switzerland";1
"2015";"......6629 Meinier";"Female";"Foreign country";1
"2015";"......6630 Meyrin";"Male";"Switzerland";51
"2015";"......6630 Meyrin";"Male";"Foreign country";18
"2015";"......6630 Meyrin";"Female";"Switzerland";59
"2015";"......6630 Meyrin";"Female";"Foreign country";13
"2015";"......6631 Onex";"Male";"Switzerland";54
"2015";"......6631 Onex";"Male";"Foreign country";24
"2015";"......6631 Onex";"Female";"Switzerland";84
"2015";"......6631 Onex";"Female";"Foreign country";14
"2015";"......6632 Perly-Certoux";"Male";"Switzerland";4
"2015";"......6632 Perly-Certoux";"Male";"Foreign country";3
"2015";"......6632 Perly-Certoux";"Female";"Switzerland";3
"2015";"......6632 Perly-Certoux";"Female";"Foreign country";0
"2015";"......6633 Plan-les-Ouates";"Male";"Switzerland";23
"2015";"......6633 Plan-les-Ouates";"Male";"Foreign country";3
"2015";"......6633 Plan-les-Ouates";"Female";"Switzerland";27
"2015";"......6633 Plan-les-Ouates";"Female";"Foreign country";1
"2015";"......6634 Pregny-Chambésy";"Male";"Switzerland";12
"2015";"......6634 Pregny-Chambésy";"Male";"Foreign country";4
"2015";"......6634 Pregny-Chambésy";"Female";"Switzerland";18
"2015";"......6634 Pregny-Chambésy";"Female";"Foreign country";3
"2015";"......6635 Presinge";"Male";"Switzerland";7
"2015";"......6635 Presinge";"Male";"Foreign country";1
"2015";"......6635 Presinge";"Female";"Switzerland";3
"2015";"......6635 Presinge";"Female";"Foreign country";2
"2015";"......6636 Puplinge";"Male";"Switzerland";4
"2015";"......6636 Puplinge";"Male";"Foreign country";1
"2015";"......6636 Puplinge";"Female";"Switzerland";3
"2015";"......6636 Puplinge";"Female";"Foreign country";0
"2015";"......6637 Russin";"Male";"Switzerland";2
"2015";"......6637 Russin";"Male";"Foreign country";0
"2015";"......6637 Russin";"Female";"Switzerland";1
"2015";"......6637 Russin";"Female";"Foreign country";0
"2015";"......6638 Satigny";"Male";"Switzerland";8
"2015";"......6638 Satigny";"Male";"Foreign country";3
"2015";"......6638 Satigny";"Female";"Switzerland";20
"2015";"......6638 Satigny";"Female";"Foreign country";0
"2015";"......6639 Soral";"Male";"Switzerland";7
"2015";"......6639 Soral";"Male";"Foreign country";1
"2015";"......6639 Soral";"Female";"Switzerland";5
"2015";"......6639 Soral";"Female";"Foreign country";1
"2015";"......6640 Thônex";"Male";"Switzerland";36
"2015";"......6640 Thônex";"Male";"Foreign country";15
"2015";"......6640 Thônex";"Female";"Switzerland";41
"2015";"......6640 Thônex";"Female";"Foreign country";10
"2015";"......6641 Troinex";"Male";"Switzerland";1
"2015";"......6641 Troinex";"Male";"Foreign country";0
"2015";"......6641 Troinex";"Female";"Switzerland";5
"2015";"......6641 Troinex";"Female";"Foreign country";0
"2015";"......6642 Vandoeuvres";"Male";"Switzerland";9
"2015";"......6642 Vandoeuvres";"Male";"Foreign country";0
"2015";"......6642 Vandoeuvres";"Female";"Switzerland";5
"2015";"......6642 Vandoeuvres";"Female";"Foreign country";1
"2015";"......6643 Vernier";"Male";"Switzerland";71
"2015";"......6643 Vernier";"Male";"Foreign country";39
"2015";"......6643 Vernier";"Female";"Switzerland";87
"2015";"......6643 Vernier";"Female";"Foreign country";30
"2015";"......6644 Versoix";"Male";"Switzerland";32
"2015";"......6644 Versoix";"Male";"Foreign country";6
"2015";"......6644 Versoix";"Female";"Switzerland";47
"2015";"......6644 Versoix";"Female";"Foreign country";8
"2015";"......6645 Veyrier";"Male";"Switzerland";51
"2015";"......6645 Veyrier";"Male";"Foreign country";5
"2015";"......6645 Veyrier";"Female";"Switzerland";86
"2015";"......6645 Veyrier";"Female";"Foreign country";9
"2016";">> Canton de Genève";"Male";"Switzerland";1152
"2016";">> Canton de Genève";"Male";"Foreign country";397
"2016";">> Canton de Genève";"Female";"Switzerland";1366
"2016";">> Canton de Genève";"Female";"Foreign country";305
"2016";"......6601 Aire-la-Ville";"Male";"Switzerland";2
"2016";"......6601 Aire-la-Ville";"Male";"Foreign country";1
"2016";"......6601 Aire-la-Ville";"Female";"Switzerland";2
"2016";"......6601 Aire-la-Ville";"Female";"Foreign country";0
"2016";"......6602 Anières";"Male";"Switzerland";6
"2016";"......6602 Anières";"Male";"Foreign country";0
"2016";"......6602 Anières";"Female";"Switzerland";10
"2016";"......6602 Anières";"Female";"Foreign country";0
"2016";"......6603 Avully";"Male";"Switzerland";2
"2016";"......6603 Avully";"Male";"Foreign country";1
"2016";"......6603 Avully";"Female";"Switzerland";3
"2016";"......6603 Avully";"Female";"Foreign country";1
"2016";"......6604 Avusy";"Male";"Switzerland";4
"2016";"......6604 Avusy";"Male";"Foreign country";0
"2016";"......6604 Avusy";"Female";"Switzerland";1
"2016";"......6604 Avusy";"Female";"Foreign country";0
"2016";"......6605 Bardonnex";"Male";"Switzerland";4
"2016";"......6605 Bardonnex";"Male";"Foreign country";1
"2016";"......6605 Bardonnex";"Female";"Switzerland";3
"2016";"......6605 Bardonnex";"Female";"Foreign country";0
"2016";"......6606 Bellevue";"Male";"Switzerland";5
"2016";"......6606 Bellevue";"Male";"Foreign country";0
"2016";"......6606 Bellevue";"Female";"Switzerland";0
"2016";"......6606 Bellevue";"Female";"Foreign country";2
"2016";"......6607 Bernex";"Male";"Switzerland";22
"2016";"......6607 Bernex";"Male";"Foreign country";6
"2016";"......6607 Bernex";"Female";"Switzerland";28
"2016";"......6607 Bernex";"Female";"Foreign country";7
"2016";"......6608 Carouge (GE)";"Male";"Switzerland";50
"2016";"......6608 Carouge (GE)";"Male";"Foreign country";18
"2016";"......6608 Carouge (GE)";"Female";"Switzerland";56
"2016";"......6608 Carouge (GE)";"Female";"Foreign country";17
"2016";"......6609 Cartigny";"Male";"Switzerland";3
"2016";"......6609 Cartigny";"Male";"Foreign country";2
"2016";"......6609 Cartigny";"Female";"Switzerland";0
"2016";"......6609 Cartigny";"Female";"Foreign country";0
"2016";"......6610 Céligny";"Male";"Switzerland";1
"2016";"......6610 Céligny";"Male";"Foreign country";1
"2016";"......6610 Céligny";"Female";"Switzerland";2
"2016";"......6610 Céligny";"Female";"Foreign country";0
"2016";"......6611 Chancy";"Male";"Switzerland";3
"2016";"......6611 Chancy";"Male";"Foreign country";0
"2016";"......6611 Chancy";"Female";"Switzerland";1
"2016";"......6611 Chancy";"Female";"Foreign country";0
"2016";"......6612 Chêne-Bougeries";"Male";"Switzerland";41
"2016";"......6612 Chêne-Bougeries";"Male";"Foreign country";9
"2016";"......6612 Chêne-Bougeries";"Female";"Switzerland";77
"2016";"......6612 Chêne-Bougeries";"Female";"Foreign country";13
"2016";"......6613 Chêne-Bourg";"Male";"Switzerland";14
"2016";"......6613 Chêne-Bourg";"Male";"Foreign country";5
"2016";"......6613 Chêne-Bourg";"Female";"Switzerland";10
"2016";"......6613 Chêne-Bourg";"Female";"Foreign country";8
"2016";"......6614 Choulex";"Male";"Switzerland";1
"2016";"......6614 Choulex";"Male";"Foreign country";0
"2016";"......6614 Choulex";"Female";"Switzerland";3
"2016";"......6614 Choulex";"Female";"Foreign country";0
"2016";"......6615 Collex-Bossy";"Male";"Switzerland";2
"2016";"......6615 Collex-Bossy";"Male";"Foreign country";0
"2016";"......6615 Collex-Bossy";"Female";"Switzerland";0
"2016";"......6615 Collex-Bossy";"Female";"Foreign country";0
"2016";"......6616 Collonge-Bellerive";"Male";"Switzerland";13
"2016";"......6616 Collonge-Bellerive";"Male";"Foreign country";4
"2016";"......6616 Collonge-Bellerive";"Female";"Switzerland";16
"2016";"......6616 Collonge-Bellerive";"Female";"Foreign country";3
"2016";"......6617 Cologny";"Male";"Switzerland";10
"2016";"......6617 Cologny";"Male";"Foreign country";5
"2016";"......6617 Cologny";"Female";"Switzerland";15
"2016";"......6617 Cologny";"Female";"Foreign country";5
"2016";"......6618 Confignon";"Male";"Switzerland";13
"2016";"......6618 Confignon";"Male";"Foreign country";1
"2016";"......6618 Confignon";"Female";"Switzerland";12
"2016";"......6618 Confignon";"Female";"Foreign country";0
"2016";"......6619 Corsier (GE)";"Male";"Switzerland";6
"2016";"......6619 Corsier (GE)";"Male";"Foreign country";0
"2016";"......6619 Corsier (GE)";"Female";"Switzerland";4
"2016";"......6619 Corsier (GE)";"Female";"Foreign country";0
"2016";"......6620 Dardagny";"Male";"Switzerland";4
"2016";"......6620 Dardagny";"Male";"Foreign country";1
"2016";"......6620 Dardagny";"Female";"Switzerland";3
"2016";"......6620 Dardagny";"Female";"Foreign country";1
"2016";"......6621 Genève";"Male";"Switzerland";468
"2016";"......6621 Genève";"Male";"Foreign country";199
"2016";"......6621 Genève";"Female";"Switzerland";602
"2016";"......6621 Genève";"Female";"Foreign country";129
"2016";"......6622 Genthod";"Male";"Switzerland";7
"2016";"......6622 Genthod";"Male";"Foreign country";1
"2016";"......6622 Genthod";"Female";"Switzerland";9
"2016";"......6622 Genthod";"Female";"Foreign country";1
"2016";"......6623 Le Grand-Saconnex";"Male";"Switzerland";22
"2016";"......6623 Le Grand-Saconnex";"Male";"Foreign country";10
"2016";"......6623 Le Grand-Saconnex";"Female";"Switzerland";24
"2016";"......6623 Le Grand-Saconnex";"Female";"Foreign country";10
"2016";"......6624 Gy";"Male";"Switzerland";0
"2016";"......6624 Gy";"Male";"Foreign country";0
"2016";"......6624 Gy";"Female";"Switzerland";0
"2016";"......6624 Gy";"Female";"Foreign country";0
"2016";"......6625 Hermance";"Male";"Switzerland";4
"2016";"......6625 Hermance";"Male";"Foreign country";0
"2016";"......6625 Hermance";"Female";"Switzerland";9
"2016";"......6625 Hermance";"Female";"Foreign country";0
"2016";"......6626 Jussy";"Male";"Switzerland";2
"2016";"......6626 Jussy";"Male";"Foreign country";0
"2016";"......6626 Jussy";"Female";"Switzerland";6
"2016";"......6626 Jussy";"Female";"Foreign country";0
"2016";"......6627 Laconnex";"Male";"Switzerland";0
"2016";"......6627 Laconnex";"Male";"Foreign country";0
"2016";"......6627 Laconnex";"Female";"Switzerland";2
"2016";"......6627 Laconnex";"Female";"Foreign country";0
"2016";"......6628 Lancy";"Male";"Switzerland";80
"2016";"......6628 Lancy";"Male";"Foreign country";15
"2016";"......6628 Lancy";"Female";"Switzerland";72
"2016";"......6628 Lancy";"Female";"Foreign country";21
"2016";"......6629 Meinier";"Male";"Switzerland";5
"2016";"......6629 Meinier";"Male";"Foreign country";1
"2016";"......6629 Meinier";"Female";"Switzerland";2
"2016";"......6629 Meinier";"Female";"Foreign country";0
"2016";"......6630 Meyrin";"Male";"Switzerland";27
"2016";"......6630 Meyrin";"Male";"Foreign country";20
"2016";"......6630 Meyrin";"Female";"Switzerland";40
"2016";"......6630 Meyrin";"Female";"Foreign country";15
"2016";"......6631 Onex";"Male";"Switzerland";58
"2016";"......6631 Onex";"Male";"Foreign country";20
"2016";"......6631 Onex";"Female";"Switzerland";70
"2016";"......6631 Onex";"Female";"Foreign country";16
"2016";"......6632 Perly-Certoux";"Male";"Switzerland";6
"2016";"......6632 Perly-Certoux";"Male";"Foreign country";2
"2016";"......6632 Perly-Certoux";"Female";"Switzerland";6
"2016";"......6632 Perly-Certoux";"Female";"Foreign country";2
"2016";"......6633 Plan-les-Ouates";"Male";"Switzerland";24
"2016";"......6633 Plan-les-Ouates";"Male";"Foreign country";2
"2016";"......6633 Plan-les-Ouates";"Female";"Switzerland";15
"2016";"......6633 Plan-les-Ouates";"Female";"Foreign country";5
"2016";"......6634 Pregny-Chambésy";"Male";"Switzerland";11
"2016";"......6634 Pregny-Chambésy";"Male";"Foreign country";1
"2016";"......6634 Pregny-Chambésy";"Female";"Switzerland";18
"2016";"......6634 Pregny-Chambésy";"Female";"Foreign country";2
"2016";"......6635 Presinge";"Male";"Switzerland";8
"2016";"......6635 Presinge";"Male";"Foreign country";2
"2016";"......6635 Presinge";"Female";"Switzerland";3
"2016";"......6635 Presinge";"Female";"Foreign country";1
"2016";"......6636 Puplinge";"Male";"Switzerland";4
"2016";"......6636 Puplinge";"Male";"Foreign country";2
"2016";"......6636 Puplinge";"Female";"Switzerland";5
"2016";"......6636 Puplinge";"Female";"Foreign country";0
"2016";"......6637 Russin";"Male";"Switzerland";0
"2016";"......6637 Russin";"Male";"Foreign country";0
"2016";"......6637 Russin";"Female";"Switzerland";0
"2016";"......6637 Russin";"Female";"Foreign country";1
"2016";"......6638 Satigny";"Male";"Switzerland";9
"2016";"......6638 Satigny";"Male";"Foreign country";1
"2016";"......6638 Satigny";"Female";"Switzerland";16
"2016";"......6638 Satigny";"Female";"Foreign country";1
"2016";"......6639 Soral";"Male";"Switzerland";4
"2016";"......6639 Soral";"Male";"Foreign country";2
"2016";"......6639 Soral";"Female";"Switzerland";10
"2016";"......6639 Soral";"Female";"Foreign country";0
"2016";"......6640 Thônex";"Male";"Switzerland";36
"2016";"......6640 Thônex";"Male";"Foreign country";8
"2016";"......6640 Thônex";"Female";"Switzerland";31
"2016";"......6640 Thônex";"Female";"Foreign country";6
"2016";"......6641 Troinex";"Male";"Switzerland";6
"2016";"......6641 Troinex";"Male";"Foreign country";0
"2016";"......6641 Troinex";"Female";"Switzerland";7
"2016";"......6641 Troinex";"Female";"Foreign country";0
"2016";"......6642 Vandoeuvres";"Male";"Switzerland";7
"2016";"......6642 Vandoeuvres";"Male";"Foreign country";2
"2016";"......6642 Vandoeuvres";"Female";"Switzerland";9
"2016";"......6642 Vandoeuvres";"Female";"Foreign country";1
"2016";"......6643 Vernier";"Male";"Switzerland";83
"2016";"......6643 Vernier";"Male";"Foreign country";32
"2016";"......6643 Vernier";"Female";"Switzerland";59
"2016";"......6643 Vernier";"Female";"Foreign country";19
"2016";"......6644 Versoix";"Male";"Switzerland";33
"2016";"......6644 Versoix";"Male";"Foreign country";11
"2016";"......6644 Versoix";"Female";"Switzerland";32
"2016";"......6644 Versoix";"Female";"Foreign country";5
"2016";"......6645 Veyrier";"Male";"Switzerland";42
"2016";"......6645 Veyrier";"Male";"Foreign country";11
"2016";"......6645 Veyrier";"Female";"Switzerland";73
"2016";"......6645 Veyrier";"Female";"Foreign country";13
"2017";">> Canton de Genève";"Male";"Switzerland";1131
"2017";">> Canton de Genève";"Male";"Foreign country";371
"2017";">> Canton de Genève";"Female";"Switzerland";1489
"2017";">> Canton de Genève";"Female";"Foreign country";351
"2017";"......6601 Aire-la-Ville";"Male";"Switzerland";0
"2017";"......6601 Aire-la-Ville";"Male";"Foreign country";0
"2017";"......6601 Aire-la-Ville";"Female";"Switzerland";2
"2017";"......6601 Aire-la-Ville";"Female";"Foreign country";1
"2017";"......6602 Anières";"Male";"Switzerland";2
"2017";"......6602 Anières";"Male";"Foreign country";0
"2017";"......6602 Anières";"Female";"Switzerland";6
"2017";"......6602 Anières";"Female";"Foreign country";0
"2017";"......6603 Avully";"Male";"Switzerland";2
"2017";"......6603 Avully";"Male";"Foreign country";0
"2017";"......6603 Avully";"Female";"Switzerland";1
"2017";"......6603 Avully";"Female";"Foreign country";0
"2017";"......6604 Avusy";"Male";"Switzerland";5
"2017";"......6604 Avusy";"Male";"Foreign country";0
"2017";"......6604 Avusy";"Female";"Switzerland";0
"2017";"......6604 Avusy";"Female";"Foreign country";1
"2017";"......6605 Bardonnex";"Male";"Switzerland";7
"2017";"......6605 Bardonnex";"Male";"Foreign country";1
"2017";"......6605 Bardonnex";"Female";"Switzerland";4
"2017";"......6605 Bardonnex";"Female";"Foreign country";1
"2017";"......6606 Bellevue";"Male";"Switzerland";2
"2017";"......6606 Bellevue";"Male";"Foreign country";2
"2017";"......6606 Bellevue";"Female";"Switzerland";7
"2017";"......6606 Bellevue";"Female";"Foreign country";1
"2017";"......6607 Bernex";"Male";"Switzerland";37
"2017";"......6607 Bernex";"Male";"Foreign country";6
"2017";"......6607 Bernex";"Female";"Switzerland";19
"2017";"......6607 Bernex";"Female";"Foreign country";4
"2017";"......6608 Carouge (GE)";"Male";"Switzerland";41
"2017";"......6608 Carouge (GE)";"Male";"Foreign country";17
"2017";"......6608 Carouge (GE)";"Female";"Switzerland";63
"2017";"......6608 Carouge (GE)";"Female";"Foreign country";14
"2017";"......6609 Cartigny";"Male";"Switzerland";1
"2017";"......6609 Cartigny";"Male";"Foreign country";0
"2017";"......6609 Cartigny";"Female";"Switzerland";0
"2017";"......6609 Cartigny";"Female";"Foreign country";0
"2017";"......6610 Céligny";"Male";"Switzerland";1
"2017";"......6610 Céligny";"Male";"Foreign country";0
"2017";"......6610 Céligny";"Female";"Switzerland";1
"2017";"......6610 Céligny";"Female";"Foreign country";0
"2017";"......6611 Chancy";"Male";"Switzerland";0
"2017";"......6611 Chancy";"Male";"Foreign country";1
"2017";"......6611 Chancy";"Female";"Switzerland";1
"2017";"......6611 Chancy";"Female";"Foreign country";0
"2017";"......6612 Chêne-Bougeries";"Male";"Switzerland";39
"2017";"......6612 Chêne-Bougeries";"Male";"Foreign country";14
"2017";"......6612 Chêne-Bougeries";"Female";"Switzerland";92
"2017";"......6612 Chêne-Bougeries";"Female";"Foreign country";22
"2017";"......6613 Chêne-Bourg";"Male";"Switzerland";16
"2017";"......6613 Chêne-Bourg";"Male";"Foreign country";6
"2017";"......6613 Chêne-Bourg";"Female";"Switzerland";20
"2017";"......6613 Chêne-Bourg";"Female";"Foreign country";5
"2017";"......6614 Choulex";"Male";"Switzerland";2
"2017";"......6614 Choulex";"Male";"Foreign country";0
"2017";"......6614 Choulex";"Female";"Switzerland";1
"2017";"......6614 Choulex";"Female";"Foreign country";1
"2017";"......6615 Collex-Bossy";"Male";"Switzerland";2
"2017";"......6615 Collex-Bossy";"Male";"Foreign country";0
"2017";"......6615 Collex-Bossy";"Female";"Switzerland";2
"2017";"......6615 Collex-Bossy";"Female";"Foreign country";0
"2017";"......6616 Collonge-Bellerive";"Male";"Switzerland";13
"2017";"......6616 Collonge-Bellerive";"Male";"Foreign country";2
"2017";"......6616 Collonge-Bellerive";"Female";"Switzerland";23
"2017";"......6616 Collonge-Bellerive";"Female";"Foreign country";6
"2017";"......6617 Cologny";"Male";"Switzerland";19
"2017";"......6617 Cologny";"Male";"Foreign country";5
"2017";"......6617 Cologny";"Female";"Switzerland";19
"2017";"......6617 Cologny";"Female";"Foreign country";5
"2017";"......6618 Confignon";"Male";"Switzerland";10
"2017";"......6618 Confignon";"Male";"Foreign country";4
"2017";"......6618 Confignon";"Female";"Switzerland";13
"2017";"......6618 Confignon";"Female";"Foreign country";2
"2017";"......6619 Corsier (GE)";"Male";"Switzerland";3
"2017";"......6619 Corsier (GE)";"Male";"Foreign country";1
"2017";"......6619 Corsier (GE)";"Female";"Switzerland";1
"2017";"......6619 Corsier (GE)";"Female";"Foreign country";0
"2017";"......6620 Dardagny";"Male";"Switzerland";9
"2017";"......6620 Dardagny";"Male";"Foreign country";3
"2017";"......6620 Dardagny";"Female";"Switzerland";10
"2017";"......6620 Dardagny";"Female";"Foreign country";2
"2017";"......6621 Genève";"Male";"Switzerland";448
"2017";"......6621 Genève";"Male";"Foreign country";178
"2017";"......6621 Genève";"Female";"Switzerland";611
"2017";"......6621 Genève";"Female";"Foreign country";160
"2017";"......6622 Genthod";"Male";"Switzerland";4
"2017";"......6622 Genthod";"Male";"Foreign country";1
"2017";"......6622 Genthod";"Female";"Switzerland";4
"2017";"......6622 Genthod";"Female";"Foreign country";2
"2017";"......6623 Le Grand-Saconnex";"Male";"Switzerland";26
"2017";"......6623 Le Grand-Saconnex";"Male";"Foreign country";7
"2017";"......6623 Le Grand-Saconnex";"Female";"Switzerland";31
"2017";"......6623 Le Grand-Saconnex";"Female";"Foreign country";14
"2017";"......6624 Gy";"Male";"Switzerland";1
"2017";"......6624 Gy";"Male";"Foreign country";0
"2017";"......6624 Gy";"Female";"Switzerland";1
"2017";"......6624 Gy";"Female";"Foreign country";0
"2017";"......6625 Hermance";"Male";"Switzerland";1
"2017";"......6625 Hermance";"Male";"Foreign country";0
"2017";"......6625 Hermance";"Female";"Switzerland";3
"2017";"......6625 Hermance";"Female";"Foreign country";0
"2017";"......6626 Jussy";"Male";"Switzerland";2
"2017";"......6626 Jussy";"Male";"Foreign country";1
"2017";"......6626 Jussy";"Female";"Switzerland";3
"2017";"......6626 Jussy";"Female";"Foreign country";0
"2017";"......6627 Laconnex";"Male";"Switzerland";2
"2017";"......6627 Laconnex";"Male";"Foreign country";0
"2017";"......6627 Laconnex";"Female";"Switzerland";2
"2017";"......6627 Laconnex";"Female";"Foreign country";1
"2017";"......6628 Lancy";"Male";"Switzerland";66
"2017";"......6628 Lancy";"Male";"Foreign country";16
"2017";"......6628 Lancy";"Female";"Switzerland";93
"2017";"......6628 Lancy";"Female";"Foreign country";24
"2017";"......6629 Meinier";"Male";"Switzerland";7
"2017";"......6629 Meinier";"Male";"Foreign country";2
"2017";"......6629 Meinier";"Female";"Switzerland";3
"2017";"......6629 Meinier";"Female";"Foreign country";1
"2017";"......6630 Meyrin";"Male";"Switzerland";49
"2017";"......6630 Meyrin";"Male";"Foreign country";21
"2017";"......6630 Meyrin";"Female";"Switzerland";62
"2017";"......6630 Meyrin";"Female";"Foreign country";11
"2017";"......6631 Onex";"Male";"Switzerland";66
"2017";"......6631 Onex";"Male";"Foreign country";17
"2017";"......6631 Onex";"Female";"Switzerland";73
"2017";"......6631 Onex";"Female";"Foreign country";19
"2017";"......6632 Perly-Certoux";"Male";"Switzerland";4
"2017";"......6632 Perly-Certoux";"Male";"Foreign country";2
"2017";"......6632 Perly-Certoux";"Female";"Switzerland";3
"2017";"......6632 Perly-Certoux";"Female";"Foreign country";0
"2017";"......6633 Plan-les-Ouates";"Male";"Switzerland";14
"2017";"......6633 Plan-les-Ouates";"Male";"Foreign country";3
"2017";"......6633 Plan-les-Ouates";"Female";"Switzerland";25
"2017";"......6633 Plan-les-Ouates";"Female";"Foreign country";0
"2017";"......6634 Pregny-Chambésy";"Male";"Switzerland";11
"2017";"......6634 Pregny-Chambésy";"Male";"Foreign country";0
"2017";"......6634 Pregny-Chambésy";"Female";"Switzerland";18
"2017";"......6634 Pregny-Chambésy";"Female";"Foreign country";4
"2017";"......6635 Presinge";"Male";"Switzerland";1
"2017";"......6635 Presinge";"Male";"Foreign country";3
"2017";"......6635 Presinge";"Female";"Switzerland";4
"2017";"......6635 Presinge";"Female";"Foreign country";1
"2017";"......6636 Puplinge";"Male";"Switzerland";6
"2017";"......6636 Puplinge";"Male";"Foreign country";0
"2017";"......6636 Puplinge";"Female";"Switzerland";3
"2017";"......6636 Puplinge";"Female";"Foreign country";1
"2017";"......6637 Russin";"Male";"Switzerland";3
"2017";"......6637 Russin";"Male";"Foreign country";0
"2017";"......6637 Russin";"Female";"Switzerland";0
"2017";"......6637 Russin";"Female";"Foreign country";0
"2017";"......6638 Satigny";"Male";"Switzerland";13
"2017";"......6638 Satigny";"Male";"Foreign country";2
"2017";"......6638 Satigny";"Female";"Switzerland";10
"2017";"......6638 Satigny";"Female";"Foreign country";2
"2017";"......6639 Soral";"Male";"Switzerland";14
"2017";"......6639 Soral";"Male";"Foreign country";1
"2017";"......6639 Soral";"Female";"Switzerland";14
"2017";"......6639 Soral";"Female";"Foreign country";2
"2017";"......6640 Thônex";"Male";"Switzerland";39
"2017";"......6640 Thônex";"Male";"Foreign country";10
"2017";"......6640 Thônex";"Female";"Switzerland";28
"2017";"......6640 Thônex";"Female";"Foreign country";13
"2017";"......6641 Troinex";"Male";"Switzerland";7
"2017";"......6641 Troinex";"Male";"Foreign country";0
"2017";"......6641 Troinex";"Female";"Switzerland";4
"2017";"......6641 Troinex";"Female";"Foreign country";0
"2017";"......6642 Vandoeuvres";"Male";"Switzerland";7
"2017";"......6642 Vandoeuvres";"Male";"Foreign country";0
"2017";"......6642 Vandoeuvres";"Female";"Switzerland";10
"2017";"......6642 Vandoeuvres";"Female";"Foreign country";0
"2017";"......6643 Vernier";"Male";"Switzerland";64
"2017";"......6643 Vernier";"Male";"Foreign country";23
"2017";"......6643 Vernier";"Female";"Switzerland";58
"2017";"......6643 Vernier";"Female";"Foreign country";14
"2017";"......6644 Versoix";"Male";"Switzerland";26
"2017";"......6644 Versoix";"Male";"Foreign country";16
"2017";"......6644 Versoix";"Female";"Switzerland";48
"2017";"......6644 Versoix";"Female";"Foreign country";7
"2017";"......6645 Veyrier";"Male";"Switzerland";39
"2017";"......6645 Veyrier";"Male";"Foreign country";6
"2017";"......6645 Veyrier";"Female";"Switzerland";93
"2017";"......6645 Veyrier";"Female";"Foreign country";10
