,FirstName,Gender,Probability
0,Edgaro,,
1,Paul,male,1.0
2,Samia,female,0.98
3,Terttu,female,1.0
4,Niccolo,male,1.0
5,Manuel,male,1.0
6,Baroukh,,
7,Christian,male,0.99
8,Abdoul,male,1.0
9,Salvatore,male,1.0
10,Jean,female,0.53
11,Giuliana,female,0.97
12,Mounir,male,1.0
13,Terhas,,
14,Roger,male,1.0
15,Jacques,male,0.99
16,Janine,female,1.0
17,Félicien,male,1.0
18,Raymonde,female,0.96
19,Maximilian,male,1.0
20,Angiolina,female,1.0
21,Fawzia,female,1.0
22,Salah,male,0.98
23,Renaud,male,0.98
24,Yasmine,female,1.0
25,Monira,female,0.88
26,Gamal,male,1.0
27,Saada,,
28,Frida,female,1.0
29,Jama,female,0.71
30,Rachel,female,1.0
31,Ahmed,male,0.99
32,Noordin,male,1.0
33,Ali,male,0.85
34,Mohamed,male,0.99
35,Deeq,male,1.0
36,Mohammed,male,1.0
37,Joseph,male,0.99
38,Marlys,female,1.0
39,François,male,0.99
40,Denis,male,0.93
41,Pierre,male,0.99
42,Bruna,female,1.0
43,Jeanne,female,1.0
44,Maria,female,0.99
45,Valérie,female,1.0
46,Betje,,
47,Paulette,female,1.0
48,Elleni,female,1.0
49,Samira,female,0.99
50,Noha,female,0.98
51,Moulay,male,1.0
52,André,male,0.99
53,Edith,female,1.0
54,Andrée,female,1.0
55,Eric,male,1.0
56,Victor,male,1.0
57,Aahawni,,
58,Santi,male,0.85
59,Evgueni,,
60,José,male,0.98
61,Emilio,male,0.99
62,Pedro,male,0.99
63,Simone,female,0.55
64,Carlo,male,0.99
65,Vittorio,male,1.0
66,Viviane,female,0.97
67,Giovanni,male,1.0
68,Santos,male,0.95
69,Uber,male,1.0
70,Robert,male,1.0
71,Martine,female,0.99
72,Lisette,female,1.0
73,Richard,male,1.0
74,Doris,female,0.99
75,Ahmad,male,0.99
76,Marie,female,0.99
77,Miguel,male,1.0
78,Silvia,female,1.0
79,Edithe,female,1.0
80,Louis,male,0.99
81,Brigitte,female,0.99
82,Renée,female,1.0
83,Elza,female,1.0
84,Josef,male,0.99
85,Boris,male,1.0
86,Clara,female,1.0
87,Tiam,male,1.0
88,Alan,male,1.0
89,Samuel,male,1.0
90,Louisa,female,1.0
91,Carmen,female,1.0
92,Lucette,female,1.0
93,Michel,male,0.96
94,Suzanne,female,1.0
95,Gabrièle,female,1.0
96,Odile,female,0.98
97,Gabrielle,female,0.99
98,Joséphine,female,1.0
99,Adrienne,female,1.0
100,Maurice,male,0.98
101,Aurelia,female,1.0
102,Giovanna,female,1.0
103,Marilena,female,1.0
104,Antonietta,female,1.0
105,David,male,1.0
106,Eva,female,1.0
107,Joyce,female,0.97
108,Mirella,female,1.0
109,Epiphania,,
110,Robin,female,0.59
111,Ljerka,female,1.0
112,Ingeborg,female,1.0
113,Cécile,female,1.0
114,Mostafa,male,1.0
115,Komivi,,
116,Iudita,,
117,Madeleine,female,0.99
118,Anna,female,1.0
119,Arda,male,0.96
120,Susanne,female,1.0
121,Hedwig,female,1.0
122,Armin,male,0.99
123,Hilda,female,1.0
124,Roman,male,1.0
125,Adolphine,,
126,Yvonne,female,1.0
127,Patrick,male,1.0
128,Gregory,male,1.0
129,Otto,male,1.0
130,Antonia,female,0.98
131,Marguerite,female,1.0
132,Friedrich,male,1.0
133,Marlyse,female,1.0
134,Roland,male,1.0
135,Georges,male,0.99
136,Alain,male,1.0
137,Daniel,male,1.0
138,Fritz,male,0.93
139,Lotte,female,1.0
140,Elise,female,1.0
141,Peter,male,1.0
142,Emile,male,0.81
143,Heinrich,male,1.0
144,Werner,male,1.0
145,Eduard,male,1.0
146,Marcel,male,0.96
147,Gisela,female,0.99
148,Josiane,female,1.0
149,Charlotte,female,1.0
150,Ana,female,0.99
151,Rosa,female,0.99
152,Ida,female,0.96
153,René,male,0.99
154,Rosette,female,1.0
155,Alice,female,1.0
156,Mireille,female,1.0
157,Lucien,male,0.98
158,Charles,male,1.0
159,Jean-Jacques,male,1.0
160,Benjamin,male,1.0
161,Liliane,female,1.0
162,Esther,female,1.0
163,Katharina,female,1.0
164,Michelle,female,1.0
165,Arnold,male,0.98
166,Hermann,male,0.97
167,Lina,female,0.99
168,Monique,female,1.0
169,Anne-Lise,female,1.0
170,Olga,female,1.0
171,Rosmary,female,1.0
172,Claude,male,0.81
173,Hans,male,0.99
174,Markus,male,1.0
175,Evelyn,female,1.0
176,Lucie,female,1.0
177,Anny,female,0.96
178,Ernst,male,1.0
179,Gilbert,male,1.0
180,Arlette,female,1.0
181,Sadruddin,male,1.0
182,Claudia,female,1.0
183,Natalie,female,1.0
184,Isidoros,male,1.0
185,Yves,male,0.98
186,Carla,female,1.0
187,Elke,female,1.0
188,Alexandre,male,1.0
189,Lucia,female,0.99
190,Michaela,female,1.0
191,Valerio,male,1.0
192,Françoise,female,1.0
193,Vicenta,female,1.0
194,Claus,male,0.88
195,Henri,male,0.98
196,Dolores,female,0.99
197,Pura,female,1.0
198,Ira,female,0.76
199,Francisco,male,1.0
200,Ernest,male,0.99
201,Jasimuddin,,
202,Saadat,male,1.0
203,Nazif,male,1.0
204,Sheikh,male,0.93
205,Nelly,female,0.99
206,Manessa,,
207,Daniele,male,0.86
208,Vincenzo,male,1.0
209,Fernand,male,1.0
210,Rabah,male,0.88
211,Bianca,female,1.0
212,Célia,female,0.99
213,Elife,female,1.0
214,Kadri,male,0.68
215,Feride,female,1.0
216,Salih,male,0.99
217,Azize,female,0.93
218,Kadir,male,0.99
219,Danielle,female,1.0
220,Mohammad,male,1.0
221,Haydar,male,0.95
222,Corinne,female,1.0
223,Souad,female,1.0
224,Ibrahim,male,0.99
225,Rijad,male,1.0
226,Nihad,male,0.67
227,Ayman,male,1.0
228,Issa,male,0.69
229,Shawkiya,,
230,Badriah,,
231,Latifa,female,1.0
232,Mohamad,male,0.99
233,Marwah,female,1.0
234,Faik,male,1.0
235,Dora,female,0.99
236,Désirée,female,1.0
237,Nazeeha,,
238,Karim,male,0.92
239,Giuseppe,male,1.0
240,Paolo,male,0.99
241,Nursen,female,1.0
242,Nur,female,0.89
243,Sergio,male,1.0
244,Khaldoun,male,1.0
245,Guido,male,1.0
246,Evelina,female,1.0
247,Cécil,,
248,Louise,female,1.0
249,Dionisia,female,1.0
250,Marcelle,female,1.0
251,Mathilde,female,1.0
252,Raymond,male,1.0
253,Dionisio,male,1.0
254,Giuliano,male,1.0
255,Leonardo,male,1.0
256,Lydia,female,1.0
257,Adolfo,male,1.0
258,Catterina,,
259,Georgette,female,1.0
260,Edmée,female,1.0
261,Elisabeth,female,1.0
262,Elsa,female,1.0
263,Francine,female,1.0
264,Juan,male,0.99
265,August,male,0.88
266,Claire,female,1.0
267,Marthe,female,1.0
268,Angela,female,1.0
269,Valeria,female,1.0
270,António,,
271,Agrippino,,
272,John,male,0.99
273,Isabella,female,0.99
274,Iraida-Irina,,
275,Thomas,male,1.0
276,Belarmino,male,1.0
277,Deborah,female,0.99
278,Nissim,male,1.0
279,Consuelo,female,1.0
280,Odetta,female,1.0
281,Draguna,,
282,Liri,,
283,Nadir,male,0.92
284,Shahid,male,0.98
285,Razia,female,1.0
286,Jean-Pierre,male,1.0
287,Rifka,female,1.0
288,Abdullah,male,0.99
289,Gaston,male,1.0
290,Bernard-Pierre,,
291,Léa,female,1.0
292,Antoinette,female,1.0
293,Gerald,male,0.99
294,Edmond,male,0.99
295,Concetta,female,1.0
296,Emilienne,female,1.0
297,Angèle,female,0.97
298,Concordia,,
299,Julia,female,0.99
300,Elvine,,
301,Fred,male,0.98
302,Germaine,female,0.93
303,Eduardo,male,1.0
304,Marcos,male,1.0
305,Rosetta,female,1.0
306,Ginette,female,1.0
307,Marianne,female,0.99
308,Erika,female,0.99
309,Erwin,male,0.98
310,Bluette,,
311,Jacqueline,female,1.0
312,Paula,female,0.99
313,Elsbeth,female,1.0
314,Yolande,female,1.0
315,Rita,female,1.0
316,Hélène,female,0.99
317,Bernard,male,1.0
318,Nunzio,male,1.0
319,Florence,female,1.0
320,Rabiha,female,1.0
321,Denise,female,1.0
322,Samer,male,0.99
323,Jean-Luc,male,1.0
324,Lidia,female,1.0
325,Vitorino,male,1.0
326,Albert,male,0.99
327,Loïse,female,1.0
328,Maria-Jesus,female,1.0
329,Verena,female,1.0
330,Blanche,female,1.0
331,Nashmeyah,,
332,Fahad,male,0.99
333,Catherine,female,1.0
334,Ghadir,female,0.88
335,Walther,male,1.0
336,Philippe,male,0.99
337,Margarita,female,1.0
338,Yasar,male,1.0
339,Sophie,female,1.0
340,Dilara,female,1.0
341,Raya,female,0.95
342,Gioachino,male,1.0
343,Grazia,female,1.0
344,Caroline,female,1.0
345,Roberto,male,1.0
346,Camilo,male,0.99
347,Claudio,male,1.0
348,Concepcion,female,0.9
349,Everardo,male,1.0
350,Marcelino,male,1.0
351,Jesusa,female,1.0
352,Juan-Manuel,male,1.0
353,Cristina,female,1.0
354,Jorge,male,1.0
355,Gerson,male,1.0
356,Hugo,male,1.0
357,Vitor,male,1.0
358,Artur,male,0.98
359,Magdy,male,0.97
360,Ara,female,0.88
361,Magdalena,female,1.0
362,Rey,male,0.94
363,Marisa,female,1.0
364,Laurent,male,0.99
365,Chonlada,female,1.0
366,Pietro,male,1.0
367,Akouvi,,
368,Teldja,,
369,Josefa,female,0.97
370,Carmela,female,1.0
371,Geneviève,female,1.0
372,Ella,female,0.99
373,Gad,male,1.0
374,Netty,female,1.0
375,Sandro,male,1.0
376,Massimo,male,1.0
377,Gilberte,female,1.0
378,Remo,male,0.88
379,Natacha,female,0.99
380,Eliane,female,0.99
381,Heinz,male,1.0
382,Rosaria,female,1.0
383,Algar,,
384,Florine,female,1.0
385,Aminah,female,1.0
386,Jeannine,female,1.0
387,Edgar,male,1.0
388,Marie-Thérèse,female,1.0
389,Sonja,female,0.99
390,Jules,female,0.59
391,Huguette,female,1.0
392,Sayed,male,0.99
393,Amina,female,0.99
394,Abdol,male,1.0
395,Shahla,female,1.0
396,Arulanantham,,
397,Agnes,female,1.0
398,Monika,female,1.0
399,James,male,0.99
400,Betty,female,1.0
401,Issey,male,1.0
402,Walter,male,1.0
403,Gerardo,male,1.0
404,Amador,male,1.0
405,Mario,male,0.99
406,Adelina,female,0.95
407,Primavera,female,1.0
408,Amal,female,0.92
409,Philppe,,
410,Willy,male,1.0
411,Virgile,male,1.0
412,Marlène,female,1.0
413,Henry,male,1.0
414,Salvataora,,
415,Tarcisia,,
416,Yosan,male,1.0
417,Karl,male,1.0
418,Sandra,female,1.0
419,Annette,female,1.0
420,Laurel,female,1.0
421,Svea,female,1.0
422,Gervais,male,0.91
423,Angelo,male,1.0
424,Mara,female,0.96
425,Dezso,,
426,Manuela,female,1.0
427,Gabor,male,1.0
428,Bertrand,male,0.97
429,Léonard,male,1.0
430,Fredy,male,1.0
431,Laurence,female,0.75
432,Gregório,male,1.0
433,Edvige,female,1.0
434,Nicole,female,1.0
435,Augusta,female,1.0
436,Emilia,female,1.0
437,Aglaia,female,1.0
438,Anca-Maria,,
439,Adele,female,1.0
440,Dan,male,0.98
441,Gordana,female,0.95
442,Pierrina,,
443,Hanneli,,
444,Salvador-Daniel,,
445,Anton,male,1.0
446,Jean-Louis,male,1.0
447,Sylvain,male,1.0
448,Albertine,female,1.0
449,Béatrice,female,1.0
450,Barrysson,,
451,Serge,male,1.0
452,Gérald,male,1.0
453,Vladimir,male,1.0
454,Milena,female,1.0
455,Saverio,male,0.98
456,Ivana,female,1.0
457,Sebastiao,male,1.0
458,Aris,male,0.89
459,Raffaele,male,1.0
460,Antoine,male,1.0
461,Jean-Aimé,,
462,Bo,male,0.84
463,Henrieta,female,1.0
464,Franco,male,1.0
465,Gaetana,female,1.0
466,Olimbia,,
467,Berthe,female,1.0
468,Rosaline,female,1.0
469,Marc,male,1.0
470,Max,male,0.98
471,Emma,female,1.0
472,Guillaume-Gentil,,
473,Marseli,,
474,Angel,male,0.61
475,Maggy,female,0.98
476,Odette,female,1.0
477,Naomie,female,1.0
478,Maryam,female,1.0
479,Erminia,female,1.0
480,Ursula,female,1.0
481,Gérard,male,1.0
482,Lysiane,female,1.0
483,Aline,female,1.0
484,Luigi,male,1.0
485,Guy,male,1.0
486,Juliette,female,1.0
487,Fernando,male,1.0
488,Martial,male,1.0
489,Baldassare,male,1.0
490,Denyse,female,1.0
491,Christiane,female,1.0
492,Agostino,male,1.0
493,May,female,0.97
494,Rocco,male,1.0
495,Wanda,female,0.99
496,Elena,female,1.0
497,Colette,female,1.0
498,Johnny,male,0.99
499,Anne,female,1.0
500,Raúl,male,1.0
501,Donita,female,1.0
502,Sobhi,male,1.0
503,Nazaré,,
504,Umberto,male,1.0
505,Alfredo,male,1.0
506,Vincenza,female,1.0
507,Madie,female,1.0
508,Edwige,female,1.0
509,Henriette,female,1.0
510,Dominique,female,0.69
511,Elia,female,0.76
512,Leonore,,
513,Nilda,female,1.0
514,Kifle,,
515,Koji,male,0.9
516,Venkatachalam,,
517,Vicente,male,1.0
518,Chafika,,
519,Sante,male,1.0
520,Domenico,male,1.0
521,Antonio,male,1.0
522,Samir,male,0.99
523,Margrit,female,1.0
524,Primo,male,1.0
525,Danna,female,1.0
526,Filippo,male,1.0
527,Gabriella,female,0.99
528,Claudine,female,1.0
529,Natalina,female,1.0
530,Maurizio,male,1.0
531,Adalgisa,female,1.0
532,Semhar,female,1.0
533,Cristobal,male,1.0
534,Dimitri,male,1.0
535,Sara,female,0.99
536,Pierrette,female,1.0
537,Armand,male,1.0
538,Stéphane,male,0.99
539,Michèle,female,0.94
540,Mary,female,1.0
541,Awni,male,1.0
542,,female,0.91
543,Jehonë,,
544,Giuseppa,female,1.0
545,Leone,female,0.81
546,Yamina,female,0.93
547,Sorentino,,
548,Rose,female,0.99
549,Rosalia,female,1.0
550,Rafael,male,1.0
551,Gerarda,female,1.0
552,Susan,female,1.0
553,Asta,female,0.92
554,Sébastien,male,1.0
555,Jean-Marie,male,0.94
556,Arno,male,1.0
557,Marceline,female,1.0
558,Alfred,male,1.0
559,Ettore,male,1.0
560,Costanza,female,1.0
561,Nadia,female,0.99
562,Nils,male,0.99
563,Isaia,male,1.0
564,Heidi,female,1.0
565,Marie-Louise,female,1.0
566,Aurélie,female,0.99
567,Fabio,male,0.99
568,Battista,male,1.0
569,Laure,female,0.99
570,Thérésia,,
571,Adib,male,1.0
572,Khédija,,
573,Elisa,female,0.99
574,Enrique,male,0.99
575,Martha,female,0.99
576,Vijayagari,,
577,Vincent,male,1.0
578,Zhanyl,,
579,Jaime,male,0.68
580,Rosalie,female,1.0
581,Garbis,male,1.0
582,Marcelline,female,1.0
583,Giorgio,male,0.99
584,Maria-Antonia,,
585,Florian,male,1.0
586,Julian,male,1.0
587,Berhane,male,1.0
588,Maryse,female,1.0
589,Navajbai,,
590,Amanda,female,1.0
591,Franck,male,1.0
592,Wasie,,
593,Marco,male,0.99
594,Yao,male,0.83
595,Sam,male,0.76
596,Stéphanie,female,1.0
597,Ekué,,
598,Bernadette,female,1.0
599,Rudolf,male,0.97
600,Christo,male,1.0
601,Penka,female,1.0
602,Josette,female,1.0
603,Irène,female,1.0
604,Alberte,female,0.75
605,Mehmet,male,0.99
606,Tatiana,female,0.99
607,Mangalika,,
608,Rami,male,0.98
609,Vessela,,
610,Narges,female,1.0
611,Khaleal,,
612,Aspasia,female,1.0
613,Olivier,male,0.99
614,Elly,female,0.93
615,Claire-Lise,female,1.0
616,Gustave,male,0.67
617,Léon,male,0.87
618,Héléne,,
619,Valentine,female,0.88
620,Berta,female,0.99
621,Micheline,female,0.98
622,Alma,female,0.99
623,Rosemary,female,1.0
624,Elzelina,,
625,Pasquale,male,1.0
626,Aimé,,
627,Ignacio,male,1.0
628,Marie-Claire,female,1.0
629,Yvan,male,0.97
630,Francis,male,0.89
631,Rodolphe,male,1.0
632,Janetta,female,1.0
633,Léonie,female,1.0
634,Lucienne,female,0.83
635,Higino,,
636,Lillie,female,1.0
637,Soe,male,0.77
638,Polyxene,,
639,Rashidah,female,1.0
640,Simonne,female,1.0
641,Gilles,male,1.0
642,Dennis,male,0.99
643,Micha,male,0.67
644,Sergey,male,0.99
645,Duilio,male,1.0
646,Hatemina,,
647,Hanife,female,0.96
648,Aza,female,0.58
649,Kegam,,
650,Sonia,female,1.0
651,Etiennette,,
652,Gennaro,male,0.98
653,Alicia,female,0.99
654,Anne-Marie,female,1.0
655,Alexis,male,0.52
656,Stephanie,female,1.0
657,Mortéza,,
658,Matias,male,1.0
659,Hormoze,,
660,Naim,male,0.99
661,Josué,male,1.0
662,Luis,male,1.0
663,Joaquim,male,1.0
664,Touran,male,1.0
665,Sadegh,male,1.0
666,Mena,male,0.6
667,Homeira,female,1.0
668,Rigobert,male,1.0
669,Esperanza,female,0.99
670,Lorenzo,male,1.0
671,Luigia,female,1.0
672,Christina,female,1.0
673,Paule,female,1.0
674,Adèle,female,1.0
675,Marija,female,0.99
676,Bouraoui,,
677,Natale,male,0.82
678,Yvette,female,1.0
679,Bellezza,female,1.0
680,Thérèse,female,1.0
681,Afria,,
682,Attilio,male,1.0
683,Aldesina,,
684,Iolanda,female,1.0
685,Habib,male,0.98
686,Vinh,male,1.0
687,Hervé,male,1.0
688,Melida,female,1.0
689,Edouard,male,0.97
690,Fabiola,female,0.99
691,Felix,male,1.0
692,Ivone,female,1.0
693,Joceline,female,1.0
694,Mathias,male,0.99
695,Daisy,female,0.99
696,Souha,female,1.0
697,Gilda,female,1.0
1684,Feigna,,
1685,Valchiria,,
1686,Frénie,,
1687,Evarista,,
1688,Josy,female,0.94
1689,Josephe,male,1.0
1690,Annita,female,1.0
1691,Ernestine,female,1.0
1692,Corine,female,1.0
1693,Armida,female,1.0
1694,Albertina,female,1.0
1695,Joffrey,male,1.0
1696,Swan,female,0.5
1697,Jingfang,,
1698,Ramdan,male,1.0
1699,Théodore,,
1700,Donald,male,1.0
1701,Krikor-Souren,,
1702,Ridha,male,0.92
1703,Margrith,,
1704,Georgi,male,0.71
1705,Beryl,female,0.99
1706,Angeline,female,1.0
1707,Yamilé,,
1708,Wather,,
1709,Gerbert,,
1710,Alphonsine,female,1.0
1711,Marilla,female,1.0
1712,Anselmina,,
1713,Santino,male,1.0
1714,Curzio,,
1715,Thea,female,0.99
1716,Iyad,male,1.0
1717,Garry,male,1.0
1718,Mikheil,male,1.0
1719,Giacomo,male,1.0
1720,Osanna,,
1721,Viorica,female,1.0
1722,Ki-Whan,,
1723,Jean-Joseph,,
1724,Marc-Antoine,male,1.0
1725,Myong,,
1726,Oliva,female,0.63
1727,Idelette,,
1728,Orfa,female,1.0
1729,Jenne,female,1.0
1730,Renate,female,1.0
1731,Sa-Ngiamsri,,
1732,Sóren,,
1733,Orphée,,
1734,Giselle,female,0.98
1735,Delfin,male,0.88
1736,Alois,male,1.0
1737,Sue-Kiuen,,
1738,Collette,female,1.0
1739,Leonid,male,0.92
1740,Orville,male,1.0
1741,Maria-Teodora,,
1742,Teresina,female,1.0
1743,Armando,male,0.99
1744,Ave,female,0.73
1745,Rosario,female,0.75
1746,Mile,female,0.85
1747,Tatjana,female,0.99
1748,Pascale,female,1.0
1749,Vasilichia,,
1750,Stella,female,1.0
1751,Çetin,male,1.0
1752,Danielo,male,1.0
1753,Silvana,female,1.0
1754,Maxamed,male,1.0
1755,Zoé,,
1756,Alejandrina,female,1.0
1757,Marie-France,female,0.98
1758,Tommaso,male,1.0
1759,Gina,female,1.0
1760,Bryan,male,1.0
1761,Asuncion,female,1.0
1762,Louis-Grégoire,,
1763,Elsbet,,
1764,Mary-France,,
1765,Alkis,male,1.0
1766,Gallicia,,
1767,Raphaël,male,1.0
1768,Sandy,female,0.91
1769,Severina,female,1.0
1770,Myssia,,
1771,Luisella,female,1.0
1772,Dorli,female,1.0
1773,Carine,female,1.0
1774,Orazio,male,1.0
1775,Santa,male,0.67
1776,Rino,male,0.98
1777,Véra,,
1778,Joëlle,female,1.0
1779,Leny,female,0.89
1780,Clément,male,1.0
1781,Aronne,male,1.0
1782,Jaacov-Fouad,,
1783,Aharon,male,1.0
1784,Sarine,female,1.0
1785,Fadina,,
1786,Nikola,male,0.83
1787,Amedeo,male,1.0
1788,Hamza,male,1.0
1789,Biagio,male,0.97
1790,Solidea,,
1791,Maria-Victoria,,
1792,Jose-Miguel,,
1793,Zenone,,
1794,Bertilla,female,1.0
1795,Ermenegildo,male,1.0
1796,Isabel,female,1.0
1797,Diego,male,1.0
1798,Philip,male,1.0
1799,Stanislas,male,1.0
1800,Guidon,,
1801,Eivor,female,1.0
1802,Antonella,female,0.89
1803,Nidia,female,0.99
1804,Antonie,female,0.5
1805,Valentino,male,0.98
1806,Franceso,,
1807,Wulf,male,1.0
1808,Nunziata,male,1.0
1809,Wolfgang,male,1.0
1810,Vlad-Tudor,,
1811,Delfim,male,1.0
1812,Pierre-Michel,male,1.0
1813,Americo,male,1.0
1814,Isidora,female,0.93
1815,Armanda,female,1.0
1816,Atilio,male,1.0
1817,Alida,,
1818,Alexandrine,female,1.0
1819,Alba,female,0.99
1820,Jeannie,female,1.0
1821,Timea,female,1.0
1822,Elide,female,1.0
1823,Ertan,male,1.0
1824,Marcellina,female,1.0
1825,Constance,female,0.99
1826,Perrine,female,1.0
1827,Talia,female,1.0
1828,Lorly,,
1829,Gino,male,0.99
1830,Cosimo,male,1.0
1831,Jakie,female,0.67
1832,Therese,female,1.0
1833,Chiara,female,0.99
1834,Lanfranco,male,1.0
1835,Ascanio,,
1836,Ilinca,female,1.0
1837,Aymon,male,1.0
1838,Reynald,male,1.0
1839,Cosima,female,1.0
1840,Costantino,male,1.0
1841,Inacia,,
1842,Arnaldo,male,1.0
1843,Jemima,female,1.0
1844,Zulmira,,
1845,Eli,male,0.52
1846,Addolorata,,
1847,Natala,,
1848,Ninette,female,1.0
1849,Irénée,male,1.0
1850,Gloria,female,1.0
1851,Valentin,male,1.0
1852,Reynold,male,1.0
1853,Heidemarie,female,1.0
1854,Salome,female,1.0
1855,Fatou,female,0.96
1856,Haoua,female,1.0
1857,Clairette,,
1858,Grasioza,,
1859,Claude-André,,
1860,Leslie,female,0.88
1861,Jeremiah,male,1.0
1862,Geraldine,female,1.0
1863,Ynès,female,1.0
1864,Désiré,,
1865,Bernhardine,,
1866,Encarnacion,female,0.67
1867,Benilde,female,1.0
1868,Guillaume,male,1.0
1869,Pierre-Alain,male,1.0
1870,Edoardo,male,0.99
1871,Ermano,,
1872,Faïka,,
1873,Philomène,,
1874,Constant,male,1.0
1875,Jean-Raymond,,
1876,Elmer,male,0.99
1877,Flor,female,0.99
1878,Sigismond,,
1879,Gyoprár,,
1880,Diony,female,0.67
1881,Pierre-Louis,male,1.0
1882,Alcino,male,1.0
1883,Douglas,male,1.0
1884,Vasco,male,1.0
1885,Margreth,female,1.0
1886,Don,male,0.99
1887,Malcolm,male,1.0
1888,Rosine,female,1.0
1889,Basilio,male,1.0
1890,Alexandru,male,1.0
1891,Miodrag,male,1.0
1892,Helgard,,
1893,Cecilia,female,0.99
1894,Alfia,male,1.0
1895,Emidio,male,1.0
1896,Sérgio,male,1.0
1897,Raouda,,
1898,Guilherme,male,1.0
1899,Avelino,male,1.0
1900,Marcelo,male,1.0
1901,Marília,female,1.0
1902,Álvaro,male,1.0
1903,Jacinta,female,1.0
1904,Alzira,female,1.0
1905,Henrique,male,1.0
1906,Amalia,female,0.99
1907,Zenith,female,1.0
1908,Diasonama,,
1909,Florindo,male,1.0
1910,Vitoria,female,1.0
1911,Abilio,male,1.0
1912,Ramiro,male,0.98
1913,Tiago,male,1.0
1914,Arsénio,,
1915,Arary,,
1916,Aïcha,female,1.0
1917,Sidonie,female,1.0
1918,Vanna,female,1.0
1919,Hüseyin,male,1.0
1920,Mardoche,,
1921,Frédérique,female,0.98
1922,Lakhdar,male,1.0
1923,Christel,female,1.0
1924,Else,female,1.0
1925,Farihan,female,1.0
1926,Natalino,male,1.0
1927,Anders,male,1.0
1928,Melinda,female,1.0
1929,Benvenuto,,
1930,Stephen,male,1.0
1931,Rosemarie,female,1.0
1932,Henrik,male,1.0
1933,Fortuné,male,1.0
1934,Giuditta,female,1.0
1935,Ange,female,0.97
1936,Quoc,male,1.0
1937,Waltraud,female,1.0
1938,Bernhard,male,1.0
1939,Herbert,male,1.0
1940,Abdelhak,male,0.9
1941,Nassim,male,0.91
1942,Mathilda,female,0.98
1943,Bela,female,0.8
1944,Lua,female,0.95
1945,Xhemajl,male,1.0
1946,Otgonbayar,,
1947,Erminio,male,1.0
1948,Ilse,female,0.99
1949,Adrian,male,0.97
1950,Virgiliu-Aurel,,
1951,Ludmila,female,1.0
1952,Lhonde-Line,,
1953,Rosalinda,female,1.0
1954,Milorad,male,1.0
1955,Joshua,male,0.99
1956,Hrayr,,
1957,Daw,male,0.67
1958,Eladio,male,1.0
1959,Zelma,female,1.0
1960,Genoveffa,female,1.0
1961,Adelchi,,
1962,Amândio,male,1.0
1963,Zoildes,,
1964,Paulo,male,1.0
1965,Marie-Laurence,female,1.0
1966,Luciana,female,0.99
1967,Ermida,,
1968,Edy,male,0.81
1969,Aida,female,0.99
1970,Marianna,female,1.0
1971,Serafino,male,1.0
1972,Fernanda,female,0.99
1973,Mose',,
1974,Ellida,,
1975,Ruy,male,0.91
1976,Sofia,female,0.99
1977,Gaetano,male,1.0
1978,Marie-Eve,female,1.0
1979,Laureano,male,1.0
1980,Francelina,,
1981,Clairemonde,,
1982,Cameron,male,0.94
1983,Melike,female,0.98
1984,Joaquin,male,1.0
1985,Maricelsa,,
1986,Ettice,,
1987,Leonetto,,
1988,Yolaine,female,1.0
1989,Leandina,,
1990,Nicandra,,
1991,Cesar,male,1.0
1992,Elaine,female,1.0
1993,Silvestro,male,1.0
1994,Lindolfo,,
1995,Bienvenido,male,1.0
1996,Immacolata,female,1.0
1997,Olek,,
1998,Gustavo,male,1.0
1999,Zakaria,male,0.99
2000,Celsio,,
2001,Edgardo,male,0.99
2002,Marthy,female,0.67
2003,Amaury,male,0.99
2004,Romano,male,0.82
2005,Gregorio,male,1.0
2006,Gracinda,,
2007,Carmine,male,0.98
2008,Danilo,male,0.99
2009,Raffaella,female,1.0
2010,Kenneth,male,1.0
2011,Antony,male,1.0
2012,Fredrik,male,1.0
2013,Eglantine,,
2014,Lili,female,0.99
2015,Jean-Calude,,
2016,Anahit,female,1.0
2017,Percival,male,1.0
2018,Hercule,male,1.0
2019,Claudy,female,0.67
2020,Nelli,female,1.0
2021,Danuta,female,1.0
2022,Carolus,male,1.0
2023,Elio,male,1.0
2024,Erica,female,1.0
2025,Myrielle,,
2026,Anaïs,female,0.99
2027,Meinrad,male,1.0
2028,Violetta,female,1.0
2029,Miguela,female,1.0
2030,Raimundo,male,1.0
2031,Natalia,female,1.0
2032,Ljiljana-Sonja,,
2033,Katerin,female,1.0
2034,Orida,,
2035,Josepha,female,1.0
2036,Riccardo,male,1.0
2037,Orsola,female,1.0
2038,Houria,female,1.0
2039,Ubaldo,male,0.97
2040,Aloïs,male,1.0
2041,Suzette,female,1.0
2042,Orlando,male,0.99
2043,Jaques,male,1.0
2044,Mark,male,1.0
2045,Sevdije,,
2046,Bénigne,,
2047,Annick,female,0.99
2048,Ismet,male,1.0
2049,Annegret,female,1.0
2050,Elyane,female,1.0
2051,Clady,,
2052,Helen,female,0.99
2053,Janie,female,1.0
2054,Arun,male,1.0
2055,Sergueï,,
2056,Mélanie,female,0.9
2057,Skender,male,1.0
2058,Arife,female,1.0
2059,Janik,male,0.75
2060,Hugues,male,1.0
2061,Lionnel,male,1.0
2062,Shefkije,,
2063,Fahrije,female,1.0
2064,Erick,male,1.0
2065,Suzye,female,1.0
2066,Thérése,,
2067,Roch,male,0.77
2068,Jean-Noël,male,1.0
2069,Augustin,male,0.96
2070,Donatienne,female,1.0
2071,Timothe,,
2072,Marie-Magdeleine,,
2073,Evanthia,female,1.0
2074,Reymond,male,1.0
2075,Franceline,,
2076,Donat,male,0.6
2077,Marguerita,female,1.0
2078,Getachew,male,1.0
2079,Edgarte,,
2080,Myriane,female,1.0
2081,Victoire,female,1.0
2082,Laurens,male,1.0
2083,Amand,female,1.0
2084,Farzad,male,1.0
2085,Halimo,female,1.0
2086,Mariano,male,1.0
2087,Decelia,,
2088,Crocefissa,,
2089,Dolorès,,
2090,Lucrezia,female,1.0
2091,Alfio,male,1.0
2092,Attanasio,,
2093,Lyne,female,1.0
2094,Mattea,female,1.0
2095,Baldina,,
2096,Fiorentina,,
2097,Flossette,,
2098,Gerda,female,1.0
2099,Dialy,,
2100,Lansana,male,1.0
2101,César,male,1.0
2102,Jérôme,male,1.0
2103,Demétrio,male,1.0
2104,Djibril,male,1.0
2105,José-Octavio,,
2106,Dylan,male,0.99
2107,Josephina,female,1.0
2108,Keith,male,0.99
2109,Malvina,female,1.0
2110,Amadou,male,1.0
2111,Fortunato,male,1.0
2112,A,male,0.59
2113,Hendril,,
2114,Ellona,,
2115,Rosemonde,,
2116,Anica,female,1.0
2117,Walda,female,1.0
2118,Petar,male,0.99
2119,Todor,male,1.0
2120,Momir,,
2121,Code,male,1.0
2122,Ulysse,male,1.0
2123,Piran,male,1.0
2124,Juliana,female,1.0
2125,Dengo,,
2126,Massoud,male,1.0
2127,Aram,male,0.88
2128,Simine,,
2129,Sabih,male,1.0
2130,Christelle,female,1.0
2131,Zouwéba,,
2132,Adérito,male,1.0
2133,Hung,male,0.8
2134,Van,male,0.71
2135,Dinh,male,0.53
2136,Donate,,
2137,Svetlana,female,1.0
2138,Roswitha,female,1.0
2139,Katsumi,male,1.0
2140,Alejo,male,1.0
2141,Nieves,female,0.99
2142,Elterio,,
2143,Celestino,male,0.92
2144,Dorise,,
2145,Jakob,male,0.99
2146,Mafalda,female,1.0
2147,Jean-Robert,male,1.0
2148,Leonilde,,
2149,Clauvides,,
2150,Rui,male,0.86
2151,Serafim,male,1.0
2152,Mário,male,1.0
2153,Agostinho,male,1.0
2154,Rafik,male,0.97
2155,Lioubov,,
2156,Ilona,female,1.0
2157,Minou,female,0.8
2158,Léna,female,1.0
2159,Ioan,male,1.0
2160,Anthony,male,1.0
2161,Serguei,male,1.0
2162,Judy,female,1.0
2163,Barthélemy,,
2164,Maéva,female,1.0
2165,Carlotte,,
2166,Diogo,male,0.99
2167,Theodor,male,1.0
2168,Marie-Nöelle,,
2169,Michel-Henri,,
2170,Santina,female,1.0
2171,Bozena,female,0.94
2172,Clairmonde,,
2173,Rosanne,female,0.99
2174,Georgine,female,1.0
2175,Sylvette,female,1.0
2176,Tamara,female,1.0
2177,Caleb,male,0.99
2178,Rogelia,female,1.0
2179,Georgia,female,0.99
2180,Hennie,male,0.77
2181,Cyril,male,0.99
2182,Gail,female,1.0
2183,Gheza,,
2184,Gil,male,0.95
2185,Gita,female,1.0
2186,Astride,,
2187,Amabile,,
2188,Rejane,female,1.0
2189,Idilia,female,1.0
2190,Elvina,female,1.0
2191,Lionel-Stéphane,,
2192,Cora,female,1.0
2193,Damien,male,1.0
2194,Camus,male,1.0
2195,Gracieuse,female,1.0
2196,Nahida,female,1.0
2197,Zlatimir,,
2198,Thomsa,,
2199,Aloys,male,0.67
2200,Blaise,male,0.96
2201,Katherine,female,1.0
2202,Léo,male,0.93
2203,Jonathan,male,1.0
2204,Pierre-Marin,,
2205,Giulietta,female,1.0
2206,Katia,female,1.0
2207,Lai-Ngar,,
2208,Moincharifou,,
2209,MarieThérèse,,
2210,Tima,female,0.93
2211,Visitacion,,
2212,Edelmiro,,
2213,Harold,male,1.0
2214,Ania,female,0.97
2215,Cosmo,male,0.73
2216,Alfonsa,,
2217,Gustav,male,0.78
2218,Ballestieri,,
2219,Fridolin,male,1.0
2220,Khadija,female,0.99
2221,Altelina,,
2222,Susy,female,0.99
2223,Constanta,,
2224,Paraskevi,female,1.0
2225,Panayota,female,1.0
2226,Magtelt,,
2227,Jaroslav,male,1.0
2228,Mayer,female,0.56
2229,Haris,male,1.0
2230,Marcial,male,1.0
2231,Gertraud,female,1.0
2232,Othmar,male,1.0
2233,Harris,male,1.0
2234,Apostol-Constantin,,
2235,Fréderic,male,1.0
2236,Salomon,male,1.0
2237,Curt,male,0.96
2238,Brian,male,1.0
2239,Burkhard,male,1.0
2240,Ludwig,male,1.0
2241,Marinette,female,1.0
2242,Filomene,,
2243,Ersilia,female,1.0
2244,Jean-Jaques,,
2245,Vanda,female,1.0
2246,Rudi,male,0.96
2247,Carole,female,1.0
2248,Marlene,female,1.0
2249,Maud,female,1.0
2250,Coline,female,1.0
2251,Marzellus,,
2252,Urs,male,1.0
2253,Imane,female,0.98
2254,Najia,female,1.0
2255,Baba,male,0.88
2256,Fadel,male,1.0
2257,Mourad,male,1.0
2258,Sireen,female,1.0
2259,Osman,male,0.98
2260,Pierre-Michaël,,
2261,Hassan,male,0.99
2262,Souâd,,
2263,Ioulia,female,1.0
2264,Abdel,male,1.0
2265,Laila,female,1.0
2266,Abd,male,0.99
2267,Liljana,female,1.0
2268,Stelios,male,0.99
2269,Jan,male,0.6
2270,Magdi,male,0.8
2271,Diana,female,0.99
2272,Basile,male,1.0
2273,Karla,female,1.0
2274,Jaafar,male,0.94
2275,Elisabetha,female,1.0
2276,Dilan,male,0.56
2277,Kévork,,
2278,Khayrollah,,
2279,Franz,male,1.0
2280,Rainer,male,0.99
2281,Gaspard,male,1.0
2282,Guy-Noël,,
2283,Nora,female,1.0
2284,Pâquerette,female,1.0
2285,Moïsette,,
2286,Nellie,female,0.99
2287,Naima,female,1.0
2288,Marlies,female,1.0
2289,Judit,female,1.0
2290,Ralf,male,1.0
2291,Zeynep,female,1.0
2292,Oya,female,0.98
2293,Liv,female,1.0
2294,Hartmut,male,1.0
2295,Vsevolod,male,1.0
2296,Prisca,female,1.0
2297,Burcu,female,0.97
2298,Oemer,,
2299,Myrthe,female,1.0
2300,Sarina,female,1.0
2301,Rosa-Maria,female,1.0
2302,Shapour,male,1.0
2303,Felisbela,,
2304,Liselotte,female,1.0
2305,Hyacinthe,,
2306,Dilbarre,,
2307,Beni,male,0.79
2308,Camille-Alfred,,
2309,Molly,female,0.99
2310,Diederik,male,1.0
2311,Iside,,
2312,Guerino,male,1.0
2313,Soad,female,1.0
2314,Beat,male,0.95
2315,Lahoussine,,
2316,Nina,female,0.99
2317,Mieczyslaw,,
2318,Bandègne,,
2319,Derakhshandeh,,
2320,Waltraut,,
2321,Milad,male,0.95
2322,Gebremariam,,
2323,Teodolinda,female,1.0
2324,Nirawanti,,
2325,Anselme,male,1.0
2326,Andreina,female,1.0
2327,Janos,male,0.95
2328,Nouhad,female,1.0
2329,Dani,female,0.61
2330,Tamas,male,1.0
2331,Ferencz,,
2332,Nahide,female,1.0
2333,Clémentine,female,1.0
2334,Suzane,female,1.0
2335,Manoutchehr,,
2336,Jahantab,,
2337,Célestine,,
2338,Savina,female,1.0
2339,Rosana,female,1.0
2340,Shahriar,male,1.0
2341,Vreneli,,
2342,Pasqualina,female,1.0
2343,Arsène,male,1.0
2344,Marie-Madelaine,,
2345,Esterina,female,1.0
2346,Maryline,female,1.0
2347,Priscillia,female,1.0
2348,Vassiliki,female,1.0
2349,Marie-Rose,female,1.0
2350,Edite,female,1.0
2351,Kapila,male,1.0
2352,Appollonia,,
2353,Djidiack,,
2354,Hedayat,,
2355,Ibraim,,
2356,Afomia,,
2357,Woynitu,,
2358,Iginia,,
2359,Théodor,,
2360,Rukije,,
2361,Fevzi,male,0.97
2362,Jerry,male,0.98
2363,Andrée-Marie,,
2364,Ippazio,,
2365,Nandor,male,1.0
2366,Dario,male,1.0
2367,Loris,male,1.0
2368,Nico,male,0.98
2369,Zulema,female,1.0
2370,Octavio,male,0.99
2371,Roque,male,1.0
2372,Benta,,
2373,Celia,female,1.0
2374,Hilario,male,1.0
2375,Corsino,,
2376,Maria-Elsa,,
2377,Pastora,female,1.0
2378,Beatriz,female,1.0
2379,Lelia,female,1.0
2380,Salvatrice,female,1.0
2381,Quirino,male,1.0
2382,Dominique-Isabelle,,
2383,Adão,male,1.0
2384,Leticia,female,0.99
2385,Licinia,female,1.0
2386,Olimpio,male,1.0
2387,Adelino,male,1.0
2388,Hortensia,female,1.0
2389,Maximino,male,1.0
2390,Constantin,male,0.83
2391,Norina,female,1.0
2392,Nicolina,female,1.0
2393,Hanny,female,0.93
2394,Marinella,female,1.0
2395,Italia,female,0.91
2396,Eliette,female,1.0
2397,Karel,male,0.92
2398,Marta,female,1.0
2399,José-Francisco,,
2400,Borislav,male,1.0
2401,Bessie,female,1.0
2402,Zsofia,,
2403,Pierre-Yves,male,1.0
2404,Juliette-Marie,,
2405,Gimmy,,
2406,Hemideh,,
2407,Adeildo,,
2408,Melania,female,1.0
2409,Deanna,female,1.0
2410,Mariangela,female,1.0
2411,Aaron,male,1.0
2412,Huberte,female,1.0
2413,Ferdinanda,female,1.0
2414,Joana,female,0.99
2415,Gloria-Esperanza,,
2416,Alejandro,male,1.0
2417,Mihail,male,1.0
2418,Germano,male,1.0
2419,Benvenuta,,
2420,Bonacata,,
2421,Vassilios,male,1.0
2422,Eric-Georges,,
2423,Hanspeter,male,1.0
2424,Oresto,,
2425,Savio,male,1.0
2426,Carmina,female,1.0
2427,Soumaya,female,1.0
2428,Césarine,,
2429,Giovannina,female,1.0
2430,Buenaventura,male,1.0
2431,Karine,female,1.0
2432,Geremia,male,1.0
2433,Onelia,female,1.0
2434,Justin,male,1.0
2435,Vittoria,female,1.0
2436,Angiolino,,
2437,Ming,male,0.67
2438,Margarete,female,1.0
2439,Jean-Christophe,male,1.0
2440,Harald,male,1.0
2441,Mofor,,
2442,Hellé,,
2443,Irenia,,
2444,Secondo,female,1.0
2445,Christa,female,1.0
2446,Anna-Rita,,
2447,Lotty,female,1.0
2448,Gislaine,female,1.0
2449,Alban,male,1.0
2450,Jean-Baptiste,male,1.0
2451,Berouch,,
2452,Justo,male,1.0
2453,Francisca,female,1.0
2454,Laurette,female,1.0
2455,Quadrio,,
2456,Hélèna,,
2457,Graziano,male,0.95
2458,Nicky,female,0.8
2459,Dorian,male,0.87
2460,Helmut,male,1.0
2461,Erhard,male,1.0
2462,Jason,male,1.0
2463,Annamaria,female,1.0
2464,Radovan,male,1.0
2465,Loïc,male,1.0
2466,Eustaquia,,
2467,Wisler,,
2468,Mark-Adrian,,
2469,Manfred,male,1.0
2470,Michelina,female,1.0
2471,Romolo,male,1.0
2472,Sigrid,female,1.0
2473,Selma,female,1.0
2474,Regla,,
2475,Otty,female,1.0
2476,Jarmila,female,1.0
2477,Dorotea,female,1.0
2478,Julius,male,1.0
2479,Rosaluisa,,
2480,Jeanette,female,1.0
2481,Martin,male,1.0
2482,Théodora,female,1.0
2483,Zdenka,female,1.0
2484,Frantisek,male,1.0
2485,Peter-Michael,,
2486,Friederike,female,1.0
2487,Fede,male,0.93
2488,Kim,female,0.88
2489,Tiziano,male,1.0
2490,Elmina,,
2491,Argentina,female,0.75
2492,Maryet,,
2493,Rezan,male,1.0
2494,Furio,male,1.0
2495,Hagob,,
2496,Monica,female,1.0
2497,Mathieu,male,1.0
2498,Dmitry,male,1.0
2499,Azzedine,male,1.0
2500,Violaine,female,1.0
2501,Chloé,female,0.99
2502,Irène-Fernande,,
2503,Maria-Joaquina,,
2504,Felicina,,
2505,Argine,,
2506,Darinko,,
2507,Dorino,,
2508,Gianluca,male,1.0
2509,Elvio,male,1.0
2510,Imelda,female,1.0
2511,Walis,male,1.0
2512,Blanche-Marie,,
2513,Consolato,male,1.0
2514,Edetil,,
2515,Javier,male,1.0
2516,Nicholas,male,1.0
2517,Nahaliel,,
2518,Joschua,male,1.0
2519,Felisa,female,1.0
2520,Marise,female,1.0
2521,Fulvio,male,1.0
2522,Fiorina,female,1.0
2523,Georgeta,female,1.0
2524,Amédéo,,
2525,Ariel,male,0.66
2526,Samy,male,0.58
2527,Andranik,,
2528,Yannick,male,0.99
2529,Araxi,female,1.0
2530,Morris,male,1.0
2531,Naceur,male,1.0
2532,German,male,1.0
2533,Guillermo,male,1.0
2534,Naïma,female,1.0
2535,Narciso,male,1.0
2536,Angustias,female,1.0
2537,Ascension,female,1.0
2538,Jacinto,male,1.0
2539,Nilzete,,
2540,Julio,male,1.0
2541,Leonel,male,0.99
2542,María,female,1.0
2543,Cirilo,male,1.0
2544,Filoména,,
2545,Mahmoud,male,1.0
2546,Gian-Carlo,male,1.0
2547,Moghamed,,
2548,Florentino,male,1.0
2549,Arsim,male,1.0
2550,Avdyl,female,1.0
2551,Galiya,,
2552,Ziéd,,
2553,Triestina,female,1.0
2554,Vassil,,
2555,Berthold,male,1.0
2556,Roma,female,0.81
2557,Enrica,female,1.0
2558,Jürger,,
2559,Acsanna,,
2560,Graziana,female,1.0
2561,Dorota,female,1.0
2562,Selamawit,female,1.0
2563,Abdelaziz,male,1.0
2564,Mulu-Andemariam,,
2565,sans,female,1.0
2566,Noella,female,1.0
2567,Pacifique,,
2568,Marie-Madeleine,female,1.0
2569,Honoré,male,1.0
2570,Delia,female,1.0
2571,Gertraut,,
2572,Nelio,male,1.0
2573,Alfiero,,
2574,Ercolina,,
2575,Clarisse,female,1.0
2576,Hélène-Marcelle,,
2577,Marc-Roger,,
2578,Giuseppantonio,,
2579,Lucas,male,1.0
2580,Udrea-Bogdan,,
2581,Gabriella-Stefania,,
2582,Valerie,female,1.0
2583,Haciasaf,,
2584,Eleuterio,male,1.0
2585,Anom,male,1.0
2586,Valeyrie,,
2587,Wally,male,0.93
2588,Nasrollah,,
2589,Hojjatollah,,
2590,Neal,male,1.0
2591,Sidarus,,
2592,Abolghasem,,
2593,Teclai,,
2594,Sabiha,female,0.9
2595,Eglandina,,
2596,Farid,male,1.0
2597,Aberra,,
2598,Gisella,female,0.97
2599,Dante,male,0.98
2600,Osvaldo,male,1.0
2601,Carola,female,1.0
2602,Lali,female,0.87
2603,Fosca,female,1.0
2604,Elido,,
2605,Marion,female,0.97
2606,Gladis,female,1.0
2607,Gursarandas,,
2608,Vilma,female,1.0
2609,Dona,female,0.93
2610,Romeu,male,1.0
2611,José-Luis,,
2612,Kléber,,
2613,Cándido,male,1.0
2614,Andy,male,0.95
2615,Maqbool,male,1.0
2616,Aïda,,
2617,Celesta,female,1.0
2618,Domingo,male,1.0
2619,Inga,female,0.99
2620,Roseline,female,1.0
2621,Stephane,male,0.99
2622,Gianluigi,male,1.0
2623,Alberico,male,1.0
2624,Ellis,male,0.63
2625,Harriet,female,0.99
2626,Rudy,male,0.95
2627,Arturo,male,1.0
2628,Graciela,female,1.0
2629,Justa,female,1.0
2630,Hermina,female,1.0
2631,Evald,male,1.0
2632,Andréa,female,1.0
2633,Ljiljana,female,1.0
2634,Lyliane,female,1.0
2635,Paloma,female,1.0
2636,Magdeleine,,
2637,Luce,female,0.96
2638,Edward,male,1.0
2639,Bente,female,0.99
2640,Godella,,
2641,Karl-Otto,,
2642,Anie,female,0.96
2643,Akéla,,
2644,Jozef,male,1.0
2645,Louisella,,
2646,Noëla,,
2647,Óscar,,
2648,Angélica,female,1.0
2649,Josefina,female,1.0
2650,Primitivo,male,1.0
2651,Julián,male,1.0
2652,Helder,male,1.0
2653,Anabela,female,1.0
2654,Attila,male,1.0
2655,Valéria,female,1.0
2656,Anastasia,female,0.99
2657,Seray,female,0.92
2658,Nelson,male,0.99
2659,Pamela,female,1.0
2660,Bautista,male,1.0
2661,Argimiro,male,1.0
2662,Argimirio,,
2663,Catalina,female,0.98
2664,Agustina,female,0.99
2665,Kent,male,1.0
2666,Irngard,,
2667,Klemenz,,
2668,Sacir,male,1.0
2669,Florange,,
2670,Térèse,,
2671,Miller,male,0.84
2672,Aurora,female,0.99
2673,Greti,female,1.0
2674,Muharem,male,1.0
2675,Kysina,,
2676,Tristan,male,0.95
2677,Hans-Peter,male,1.0
2678,Dorothea,female,1.0
2679,Iasbelle,,
2680,Smaragda,female,1.0
2681,Souhir,female,1.0
2682,Juliane,female,1.0
2683,Zora,female,0.95
2685,Maria-Concepcion,,
2686,Ebrahim,male,1.0
2687,Angelina,female,0.99
2688,Cedric,male,1.0
2689,Giacinto,male,1.0
2690,Felice,male,0.68
2691,Mustafa,male,1.0
2692,Ale,female,0.67
2693,Hanka,female,1.0
2694,Derek,male,1.0
2695,Jeremy,male,0.99
2696,Marie-Hélène,female,1.0
2697,Janez,male,1.0
2698,Krista,female,1.0
2699,Kruno,male,1.0
2700,Bigia,,
2701,Anna-Jetta,,
2702,Jytte,female,1.0
2703,Ripdaman,,
2704,Immaculée,female,1.0
2705,Lilly,female,1.0
2706,Mahvash,female,1.0
2707,Christoph,male,1.0
2708,Stoyanka,female,1.0
2709,Rebecca,female,1.0
2710,Randa,female,0.95
2711,Vicenzo,male,1.0
2712,Léonce,,
2713,Arsilia,,
2714,Edilton,,
2715,Renaldo,male,1.0
2716,Bridget,female,1.0
2717,Sophia,female,0.99
2718,Théo,male,0.97
2719,Edia,,
2720,Camillo,male,1.0
2721,Roger-Bernard,,
2722,Berthrand,,
2723,Rudolph,male,1.0
2724,Marine,female,0.99
2725,Noémie,female,1.0
2726,Valentina,female,1.0
2727,Tianhong,,
2728,Ana-Maria,female,1.0
2729,Gerardina,female,1.0
2730,Itala,female,1.0
2731,Fidelma,female,1.0
2732,Numa,male,1.0
2733,Léandre,male,1.0
2734,Frumence,,
2735,Sebastiano,male,1.0
2736,Méril,,
2737,Alexy,female,0.75
2738,Roselyne,female,1.0
2739,Magdolna,female,1.0
2740,Fédora,,
2741,Gritli,,
2742,Soledad,female,1.0
2743,Elba,female,0.97
2744,Bruniquilda,,
2745,Pernette,,
2746,Palmire,,
2747,Verica,female,1.0
2748,Ketty,female,1.0
2749,Elise-Bertha,,
2750,Hammadi,male,1.0
2751,Luzia,female,1.0
2752,Tevfik,male,1.0
2753,Annaratnam,,
2754,Sunil,male,1.0
2755,Lisette-Marguerite,,
2756,Pattu,,
2757,Irina,female,0.99
2758,Ingeburg,,
2759,Sanela,female,1.0
2760,Florentin,male,1.0
2761,Leah,female,1.0
2762,Theophil,,
2763,Birsen,female,1.0
2764,Jean-Piere,,
2765,Hannah,female,1.0
2766,Matthieu,male,1.0
2767,Félice,female,1.0
2768,Briita,,
2769,Husein,male,1.0
2770,Lies,female,0.97
2771,Tamer,male,0.99
2772,Lars,male,1.0
2773,Britta,female,1.0
2774,Hagop,male,1.0
2775,Günther,male,1.0
2776,Valencie,,
2777,Fodé,,
2778,Tewelde,male,1.0
2779,Sumon,male,1.0
2780,Kasum,,
2781,Zakia,female,1.0
2782,Youssef,male,0.99
2783,Sami,male,0.81
2784,Bislim,,
2785,Elie,male,0.93
2786,Scarlett,female,0.96
2787,Franc,male,1.0
2788,Marie-Lise,female,1.0
2789,Audrey,female,1.0
2790,Idriz,male,1.0
2791,Elian,male,0.68
2792,Noémi,female,1.0
2793,Llirid,,
2794,Hamit,male,0.98
2795,Musli,,
2796,Gheorghe,male,0.83
2797,Glenn,male,0.99
2798,Karin-Helga,,
2799,Zaleil,,
2800,Octavie,female,1.0
2801,Silena,female,1.0
2802,Emanuele,male,1.0
2803,Mickaël,male,1.0
2804,Brewster,,
2805,Safwan,male,1.0
2806,Wilhelmine,female,1.0
2807,Per-Einar,,
2808,Günter,male,1.0
2809,Siham,female,1.0
2810,Jayme,female,0.72
2811,Samar,female,0.96
2812,Mechthild,female,1.0
2813,Annelore,female,1.0
2814,Nouhat,,
2815,Alfreda,female,1.0
2816,Freydoun,,
2817,Gotthilf,,
2818,Elek,female,0.5
2819,gilbert,male,1.0
2820,Yasmina,female,0.99
2821,Grietje,female,1.0
2822,Margerite,,
2823,Néji,,
2824,Meglena,,
2825,Erda,,
2826,Melva,female,1.0
2827,Hormoz,,
2828,Liane,female,1.0
2829,Gudrun,female,1.0
2830,Jean-Maurice,,
2831,Michel-Jean,,
2832,Wolf-Dieter,,
2833,Anneliesse,,
2834,Felicia,female,0.99
2835,Bernt,male,1.0
2836,Melita,female,0.95
2837,Geltrude,,
2838,Rowland,male,1.0
2839,Kilian,male,1.0
2840,Editta,,
2841,Hans-Wolfgang,,
2842,Leandro,male,1.0
2843,Micheal,male,0.98
2844,Estyn,,
2845,Ginnette,female,1.0
2846,Federico,male,1.0
2847,Rodrigo,male,1.0
2848,Homero,male,1.0
2849,Hayim,,
2850,Raul,male,1.0
2851,Lore,female,0.99
2852,Fleurange,,
2853,Louis-Antoine,,
2854,Rebekka,female,1.0
2855,Freweni,,
2856,Denièle,,
2857,Christian-Marc,,
2858,Khemissi,,
2859,Amira,female,0.99
2860,Howard,male,0.96
2861,Erdogan,male,0.98
2862,Lisi,female,1.0
2863,Suzanna,female,1.0
2864,Jakub,male,1.0
2865,Dac,male,1.0
2866,Trong,male,1.0
2867,Minh,male,0.64
2868,József,male,1.0
2869,Raynald,male,1.0
2870,Thony,male,0.86
2871,Traugott,,
2872,Hadwig,,
2873,Joachim,male,1.0
2874,Anne-Claire,female,1.0
2875,Erice,,
2876,Calvin,male,0.99
2877,Leonor,female,1.0
2878,Viktor,male,1.0
2879,Daryoush,male,1.0
2880,Nourangiz,,
2881,Homa,female,0.75
2882,Churchill,male,1.0
2883,Archie,male,0.94
2884,Ailsa,female,1.0
2885,Mikael,male,1.0
2886,Cristophe,,
2887,Teodor,male,1.0
2888,Dezsö,male,1.0
2889,Ladislav,male,0.96
2890,János,male,1.0
2891,Gizella,female,1.0
2892,Aranka,female,1.0
2893,Willam,male,1.0
2894,Farhangue,,
2895,Xénia,female,1.0
2896,Yassine,male,1.0
2897,Sarolta,female,1.0
2898,Iosif,male,1.0
2899,Safet,male,1.0
2900,Fejzo,,
2901,Gesuina,,
2902,Ninian,,
2903,Angeles,female,1.0
2904,Gustel,,
2905,Kamilla,female,1.0
2906,Anselma,female,1.0
2907,Frédy,,
2908,Liselott,female,1.0
2909,Fatka,,
2910,Anïa,,
2911,Emilie-Henriette,,
2912,Béatrix,,
2913,Gabi,female,0.82
2914,Dominic,male,0.97
2915,Mariann-Magdalena,,
2916,Edmonde,female,1.0
2917,Saliha,female,0.97
2918,Ewald,male,1.0
2919,Abdurahman,male,1.0
2920,Melina,female,0.99
2921,Said,male,0.99
2922,Nikolaus,male,1.0
2923,Anh,female,0.54
2924,Iride,female,1.0
2925,Marie-Thérès,,
2926,Flaviano,male,1.0
2927,Gianfranco,male,1.0
2928,Adnan,male,1.0
2929,Minire,,
2930,Gullu,,
2931,Valère,male,1.0
2932,André-Michel,male,1.0
2933,Léonide,,
2934,Begza,,
2935,Vania,female,0.98
2936,Elenka,female,1.0
2937,Inna,female,1.0
2938,Nadejda,female,1.0
2939,Nurije,,
2940,Actchara,,
2941,Hasan,male,0.99
2942,Blanca,female,1.0
2943,Evangelina,female,1.0
2944,Laszlo,male,1.0
2945,Dimitrios,male,1.0
2946,Hariklia,female,1.0
2947,Denisa-Silvia,,
2948,Teodora,female,1.0
2949,Dumitru,male,0.75
2950,Gabriela-Angela,,
2951,Ileana,female,0.99
2952,Avan,female,0.5
2953,Ioana-,,
2954,Bastien,male,1.0
2955,Andréas,,
2956,Ajrija,,
2957,Selvete,female,1.0
2958,Vaide,,
2959,Taibe,,
2960,Zylfi,male,1.0
2961,Etvige,,
2962,Chirapurath,,
2963,Loretta,female,1.0
2964,Zorka,female,1.0
2965,Naïda,,
2966,Raisa,female,1.0
2967,Jugoslav,,
2968,Milutin,male,1.0
2969,Beniamoni,,
2970,Jilani,male,1.0
2971,Myrelle,,
2972,Eulalia,female,0.88
2973,Ivor,male,1.0
2974,Gasparine,,
2975,Jennifer,female,1.0
2976,Pierre-André,male,1.0
2977,Jean-Christian,male,1.0
2978,Endre,male,1.0
2979,Roy,male,0.99
2980,Suzy,female,1.0
2981,Shehide,female,1.0
2982,Hemendra,male,1.0
2983,Shevget,,
2984,Hatidza,,
2985,Mária,female,1.0
2986,Dagny,female,1.0
2987,Krzysztof,male,1.0
2988,April,female,1.0
2989,Anneli,female,1.0
2990,Arben,male,0.94
2991,Nazim,male,1.0
2992,Drita,female,1.0
2993,Djezide,,
2994,Balázsné,,
2995,Tudor,male,0.93
2996,Jessie,female,0.92
2997,Malène,,
2998,Lilliana,female,1.0
2999,Matilde,female,1.0
3000,Jirina,,
3001,Marie-Ange,female,1.0
3002,Milenko,male,1.0
3003,Tarcis,,
3004,Anastasie,female,1.0
3005,Tripti,female,1.0
3006,Gretty,,
3007,Wihelm,,
3008,Abel,male,0.99
3009,Beniamino,male,1.0
3010,Tarla,female,1.0
3011,Benigna,female,1.0
3012,Adoracion,female,1.0
3013,Valeriano,male,1.0
3014,Aurore,female,1.0
3015,Agneta,female,1.0
3016,Abdulah,male,1.0
3017,Ratree,female,1.0
3018,Gottlieb,,
3019,Tijana,female,1.0
3020,Marie-Odette,,
3021,Benjamine,,
3022,Licia,female,1.0
3023,Rachael,female,1.0
3024,Patrik,male,1.0
3025,Sevasti,female,1.0
3026,Cathryn,female,1.0
3027,Emanuela,female,0.99
3028,Annelise,female,1.0
3029,Slavka,female,1.0
3030,Marlenis,female,1.0
3031,Afrodisio,,
3032,Candide,female,1.0
3033,Aurélien,male,1.0
3034,Reinette,female,1.0
3035,Wilfred,male,1.0
3036,Avdija,,
3037,Lisardo,,
3038,Maxim,male,0.99
3039,Marie-Rosine,,
3040,Zef,male,1.0
3041,Safija,,
3042,Jacob,male,1.0
3043,Thami,male,0.67
3044,Endri,male,1.0
3045,Murego,,
3046,Mehari,male,1.0
3047,Hansruedi,male,1.0
3048,Simonnna,,
3049,Kritina,,
3050,Ferdaous,,
3051,Bouchaïb,,
3052,Stevanija,,
3053,Nadeschda,female,1.0
3054,Sedat,male,1.0
3055,Beno,male,1.0
3056,Viktar,,
3057,Vadhana,female,1.0
3058,Kambiz,male,1.0
3059,Maliha,female,1.0
3060,Robabeh,,
3061,Liya,female,1.0
3062,Yusuf,male,0.99
3063,Sanza,,
3064,Ilias,male,0.95
3065,Yuliya,female,1.0
3066,Bejdo,,
3067,Mihaly,,
3068,Christos,male,1.0
3069,Polychronis,,
3070,Safak,male,1.0
3071,Aristide,male,1.0
3072,Lilla,female,0.95
3073,Gunnar,male,1.0
3074,Eloïse,female,1.0
3075,Ngoyi,,
3076,Nsimba,,
3077,Aziz,male,1.0
3078,Muzuse,,
3079,Mercédès,,
3080,Juzefa,,
3081,Abraham,male,1.0
3082,Ronny,male,0.99
3083,Renatus,male,1.0
3084,Perla,female,0.99
3085,Chand,female,0.5
3086,Keiko,female,0.98
3087,Ichiro,male,1.0
3088,Hayriye,female,0.95
3089,Shamsuzzakir,,
3090,Khamar,,
3091,Ena,female,0.98
3092,Aliriza,male,1.0
3093,Ferida,,
3094,Thekla,female,1.0
3095,Allan,male,1.0
3096,Charline,female,0.99
3097,Mariya,female,0.98
3098,Slavica,female,1.0
3099,Rachelle,female,1.0
3100,Mhairi,female,1.0
3101,Jahangir,male,1.0
3102,Inayat,,
3103,Habibollah,,
3104,Hussein,male,0.91
3105,Bio,male,0.7
3106,Subhi,male,1.0
3107,Faridé,,
3108,Eli-Cris,,
3109,Isaias,male,1.0
3110,Sukuma,,
3111,Kikwon,,
3112,Hayder,male,1.0
3113,Bende,female,1.0
3114,Nkumu,,
3115,Maha,female,1.0
3116,Gerd,female,0.52
3117,Nabil,male,0.99
3118,Ernö,,
3119,El,male,0.74
3120,Arvid,male,1.0
3121,Albrecht,male,1.0
3122,Lony,female,0.8
3123,Jiri,male,1.0
3124,Romaine,female,0.83
3125,Fadilje,,
3126,Brenda,female,0.99
3127,Nii,male,0.9
3128,Tilla,female,1.0
3129,Paraschiva,,
3130,Zoïa,,
3131,Johan,male,1.0
3132,Shian-Chin,,
3133,Jack,male,0.99
3134,Horst,male,1.0
3135,Alexandros,male,1.0
3136,Bärbel,female,0.8
3137,Ostap,male,1.0
3138,Zénia,,
3139,Spaso,,
3140,Ema,female,0.75
3141,Rozalia,female,1.0
3142,Gejza,,
3143,Bohdane,,
3144,Käthe,female,1.0
3145,Katalin,female,1.0
3146,Ulf,male,1.0
3147,Lucile,female,1.0
3148,Filip,male,0.99
3149,Hatmone,,
3150,Tatios,,
3151,Ignaz,male,1.0
3152,Givka,,
3153,Arwed,male,1.0
3154,Lutz,male,1.0
3155,Rosalinde,,
3156,Knud,male,1.0
3157,Matthias,male,1.0
3158,Milomir,,
3159,Evelin,female,0.99
3160,Jürg,male,1.0
3161,Mordechai,male,1.0
3162,Hevzi,,
3163,Zade,male,1.0
3164,Joanna-Helena,,
3165,Gregor,male,1.0
3166,Mirtoz,,
3167,Jaromir,male,1.0
3168,Annarösli,,
3169,Alvira,,
3170,Benedetta,female,1.0
3171,Ki-Chiu,,
3172,Jona,female,0.55
3173,Yoganathan,male,1.0
3174,Subbanose,,
3175,Emine,female,0.99
3176,Niklaus,male,1.0
3177,Süleyman,male,0.99
3178,Jean-Philippe,male,1.0
3179,Ignazio,male,1.0
3180,Pippo,male,1.0
3181,Xuan,female,0.6
3182,Tindara,,
3183,Hassine,male,1.0
3184,Octavia,female,1.0
3185,Christianne,female,0.9
3186,Abdul,male,1.0
3187,Krystian,male,1.0
3188,Dominque,female,1.0
3189,Carline,female,1.0
3190,Arturino,,
3191,Télémaque,,
3192,Graziella,female,1.0
3193,Nanni,male,0.6
3194,Malak,female,0.95
3195,Najib,male,1.0
3196,Jean-Flavien,,
3197,Ling-Dee,,
3198,Xuân,female,0.5
3199,Sabrina,female,1.0
3200,Annetta,female,1.0
3201,Janise,female,1.0
3202,Marie-Odile,female,1.0
3203,Claudiane,female,1.0
3204,Clarisé,,
3205,Ulpiano,male,1.0
3206,Armandina,female,1.0
3207,Eve,female,0.99
3208,Astrid,female,1.0
3209,Max-Ulrich,,
3210,Giordano,male,0.91
3211,Gabriela,female,1.0
3212,Bjarne,male,1.0
3213,Norman,male,1.0
3214,Romane,female,0.94
3215,Mikko,male,1.0
3216,Miroslav,male,1.0
3217,Abbondio,,
3218,Chatrina,,
3219,Alex,male,0.87
3220,Grzegorz,male,0.98
3221,Leila,female,1.0
3222,Mariucia,,
3223,Haqif,,
3224,Guéorgui,,
3225,Marie-Régine,,
3226,Nelsy,female,1.0
3227,Jouri,,
3228,Thanh,female,0.63
3229,Hoang,male,0.61
3230,Jimmy,male,1.0
3231,Axelle,female,1.0
3232,Jex,male,1.0
3233,Eugene,male,0.98
3234,Joel,male,0.99
3235,Jehouda,,
3236,Luisia,female,1.0
3237,Zélie,female,1.0
3238,Dany,male,0.69
3239,Dinah,female,1.0
3240,Egle,female,1.0
3241,Aglaïa,,
3242,Jérémy,male,0.99
3243,Bartolomea,,
3244,Ekaterina,female,1.0
3245,Etty,female,1.0
3246,Brahim,male,1.0
3247,Divine,female,0.78
3248,Tibor,male,0.97
3249,Rozalija,female,1.0
3250,Euphrasie,,
3251,Gebregiorgis,,
3252,Eugenie,female,1.0
3253,Estelle,female,1.0
3254,Ermelinda,female,1.0
3255,Marie-Christiane,,
3256,Rainier,male,1.0
3257,Yetta,female,1.0
3258,Edmondo,male,1.0
3259,Emilija-Elizabeta,,
3260,Seymour,male,1.0
3261,Eliza,female,0.99
3262,Shao,male,1.0
3263,Gaétan,,
3264,Mytilia,,
3265,Gazmend,male,1.0
3266,Edina,female,1.0
3267,Jelisaveta,female,1.0
3268,Henryk,male,1.0
3269,Nerses,male,1.0
3270,Celina,female,0.99
3271,Wendy,female,0.99
3272,Dorette,,
3273,Edeltraut,,
3274,Heike,female,0.98
3275,Véléda,,
3276,Nedi,female,1.0
3277,Ramona-Maria,,
3278,Thibaud,male,1.0
3279,Yung-Ko,,
3280,Eliseo,male,1.0
3281,Eleonore,female,1.0
3282,Orsolya,female,1.0
3283,Alexia,female,1.0
3284,Egon,male,0.92
3285,Lone,female,0.61
3286,Levan,male,1.0
3287,Floriant,,
3288,Carlita,female,1.0
3289,Ovidio,male,1.0
3290,Anselmo,male,1.0
3291,Ramon-Antonio,,
3292,Franciso,male,1.0
3293,Gúdula,,
3294,Herminia,female,1.0
3295,Serafin,male,1.0
3296,Serena,female,0.99
3297,Tania,female,1.0
3298,Bakta,,
3299,Trinidad,female,0.85
3300,Teresio,,
3301,Odorico,,
3302,Camilio,,
3303,Dilva,,
3304,Zahra,female,0.99
3305,Everette,male,0.9
3306,Briac,male,1.0
3307,Ermengarda,,
3308,Méry,,
3309,Anouar,male,1.0
3310,Nöel,,
3311,Rachid,male,0.99
3312,Alena,female,0.99
3313,Velitchka,,
3314,Noëlie,female,1.0
3315,Odia,,
3316,Mosé,,
3317,Quinto,male,0.67
3318,Spartaco,,
3319,Marijan,male,1.0
3320,Miriame,,
3321,Raphaëlle,female,1.0
3322,Guillerma,,
3323,Kisha,female,1.0
3324,Anecta,,
3325,Blagoje,,
3326,Schadrack,,
3327,Makasi,,
3328,Bernardo,male,1.0
3329,Kenu,,
3330,Antje,female,1.0
3331,Jean-Emile,,
3332,Enkhtur,,
3333,Dmitriy,male,1.0
3334,Hao,male,0.93
3335,Hung-Hstang,,
3336,Nali,female,1.0
3337,Paul-Joseph,,
3338,Danton,male,1.0
3339,Iuliana,female,1.0
3340,Rinaldo,male,1.0
3341,Josefine,female,1.0
3342,Mayunga,,
3343,Alison,female,0.99
3344,Pier,male,0.95
3345,Lucien-Noël,,
3346,Ploussia,,
3347,Nabila,female,0.99
3348,Halfdan,male,1.0
3349,Ebba,female,1.0
3350,Moustafa,male,0.98
3351,Ferhat,male,0.99
3352,Abolfath,,
3353,Ngoc,female,0.86
3354,Huu,male,1.0
3355,Errol,male,1.0
3356,Jämes,,
3357,Guy-Bernard,,
3358,Sabatino,male,1.0
3359,Souvie,,
3360,Jeanne-Marie,female,1.0
3361,Hamida,female,0.86
3362,Ritva,female,1.0
3363,Mafuta,,
3364,Mihajlo,male,1.0
3365,Makfire,,
3366,Giovambattista,,
3367,Dirce,female,1.0
3368,Kifufu,,
3369,Mevlide,,
3370,Servano,,
3371,Oleg,male,0.99
3372,Mabrouka,female,1.0
3373,Gareth,male,0.97
3374,Lionello,male,1.0
3375,Imelnta,,
3376,Mambandu,,
3377,Ubaldino,,
3378,Licena,,
3379,Ethan,male,0.98
3380,Gianni,male,0.99
3381,Stève,,
3382,Vuk,male,1.0
3383,Danica,female,0.98
3384,Radmila,female,1.0
3385,Naushir,,
3386,Luitgard,,
3387,Alcibiades,male,1.0
3388,Crystallo,,
3389,Hanna-Lore,,
3390,Leonarda,female,1.0
3391,Yu-Yueh,,
3392,Chen-Mei,,
3393,Nello,male,1.0
3394,Chritiane,,
3395,Minas,male,0.83
3396,Rosmaria,,
3397,François-Marc,,
3398,Marielle,female,0.99
3399,Winifred,female,1.0
3400,Azelio,,
3401,Carlo-Luccio,,
3402,Gregoria,female,1.0
3403,Zuheir,male,1.0
3404,Lois,female,0.99
3405,Corneliu,male,0.86
3406,Ecaterina,female,1.0
3407,Téo,,
3408,Lizon,,
3409,Ethelle,,
3410,Bujar,male,1.0
3411,Lenny,male,0.73
3412,Adela,female,0.99
3413,Araceli,female,1.0
3414,Olinda,female,1.0
3415,Bartolo,male,1.0
3416,Islem,male,0.56
3417,Zina,female,0.98
3418,Evgenia,female,1.0
3419,Mijo,male,0.63
3420,Matej,male,1.0
3421,Alain-Claude,,
3422,Marie-Jeanne,female,1.0
3423,Susana,female,1.0
3424,Isaura,female,1.0
3425,Ophélie,female,1.0
3426,Benoìt,,
3427,Blandine,female,0.98
3428,Romana,female,1.0
3429,Kornél,,
3430,Gyula,male,1.0
3431,Alfons,male,1.0
3432,Wihelmine,,
3433,Elliane,,
3434,Gordon,male,1.0
3435,Justina,female,1.0
3436,Cesarina,,
3437,Paolino,male,1.0
3438,Alberta,female,0.9
3439,Diane,female,0.99
3440,Benigno,male,1.0
3441,Guiomar,female,0.94
3442,Leoncio,male,1.0
3443,Nazzareno,male,1.0
3444,Gianpietro,male,1.0
3445,Amarílis,,
3446,Abílio,male,1.0
3447,Adelsia,,
3448,Mariana,female,1.0
3449,Folke,male,1.0
3450,Cesario,female,1.0
3451,Sébartien,,
3452,Azouz,male,1.0
3453,Raffaela,female,1.0
3454,Ghodsieh,,
3455,Sabina,female,0.99
3456,Clarence,male,0.95
3457,Britt,female,0.93
3458,Fausta,female,1.0
3459,Anik,female,0.86
3460,Hiroshi,male,1.0
3461,Sung,male,0.84
3462,Alessandra,female,1.0
3463,Emy,female,0.94
3464,Mauricette,female,1.0
3465,Octave,male,1.0
3466,Charles-Hector,,
3467,Doline,,
3468,Perle,female,1.0
3469,Emmanouil,male,1.0
3470,Eyshe,,
3471,Concuelo,,
3472,Adamir,,
3473,Gudron,,
3474,Eldina,female,1.0
3475,Badisasa,,
3476,Bueya,,
3477,Neil,male,1.0
3478,Carolyn,female,1.0
3479,Marie-Luce,female,1.0
3480,Cvetana,,
3481,Graça,female,1.0
3482,Berdj,,
3483,Siranoush,,
3484,Dick,male,0.99
3485,Eya,female,0.86
3486,Farida,female,1.0
3487,Camil,male,0.7
3488,Amrita,female,1.0
3489,Melvin,male,0.98
3490,Xaver,male,1.0
3491,Blanka,female,0.96
3492,Toni,female,0.66
3493,Pierrot,male,1.0
3494,Driss,male,1.0
3495,Guacolda,,
3496,Antonin,male,1.0
3497,Oldrich,male,1.0
3498,Hailé,,
3499,Virgilius,,
3500,Nazmi,male,1.0
3501,Ilia,male,0.81
3502,Julianna,female,0.98
3503,Romina,female,0.99
3504,Alexandrino,,
3505,Mostefa,male,1.0
3506,Ramira,female,1.0
3507,Pepita,female,0.9
3508,Natividad,female,0.93
3509,Mambu,,
3510,Medhanie,,
3511,Rosamonde,,
3512,Emerance,female,1.0
3513,Steluta,,
3514,Kamal,male,0.97
3515,Aracely,female,1.0
3516,Ahmet,male,0.99
3517,Jackes,male,1.0
3518,Yemane,,
3519,Abebe,male,1.0
3520,Aloïsia,,
3521,Imre,male,0.86
3522,Babetta,,
3523,Adda,female,1.0
3524,Remy,male,0.81
3525,Marceline-Adèle,,
3526,Istvan,male,1.0
3527,Zdenko,male,1.0
3528,Zvonko,male,1.0
3529,M'hammed,male,1.0
3530,Clairlyse-Marie,,
3531,"Claudine,",,
3532,Silvino,male,1.0
3533,Eliana,female,1.0
3534,Luan,male,0.82
3535,Nerina,female,1.0
3536,Kylian,male,1.0
3537,Isidor,male,1.0
3538,Gert,male,1.0
3539,Irda,female,1.0
3540,Gianmarco,male,1.0
3541,Emmy,female,0.95
3542,Athemane,,
3543,Alexine,female,1.0
3544,Guglielmo,male,1.0
3545,Benoît,,
3546,Belen,female,1.0
3547,Waclaw,male,1.0
3548,Médéric,male,1.0
3549,Marie-Noëlle,female,1.0
3550,Volker,male,1.0
3551,Béni,,
3552,Marieta,female,1.0
3553,Maksim,male,1.0
3554,Karin,female,0.99
3555,Kumbo,,
3556,Shokoofeh,female,1.0
3557,---,,
3558,Najiba,female,1.0
3559,Milen,male,0.78
3560,Ives,male,1.0
3561,Maria-Selva,,
3562,Joselyne,female,1.0
3563,Naa-Koshie,,
3564,Nii-Odartey,,
3565,Mirjana,female,0.99
3566,Dragica,female,1.0
3567,Irek,male,1.0
3568,Mélina,female,1.0
3569,Annie-Claude,female,1.0
3570,Maria-Nives,,
3571,Alla,female,0.93
3572,Syuzana,,
3573,Nafasgol,,
3574,Donatino,,
3575,Mione,female,1.0
3576,Besim,male,1.0
3577,Safete,,
3578,Dara,female,0.9
3579,Stoyan,male,0.91
3580,Uliano,,
3581,Léona,,
3582,Bongiwe,female,1.0
3583,Annegrete,female,1.0
3584,Oddino,,
3585,Serban,male,1.0
3586,Canisius,,
3587,Abaz,male,1.0
3588,Iran,female,0.96
3589,Dariush,male,1.0
3590,Shamsa,female,1.0
3591,Haji,male,1.0
3592,Safa,female,0.66
3593,Abdulkadir,male,1.0
3594,Musa,male,0.96
3595,Warsan,female,1.0
3596,Halima,female,1.0
3597,Vatma,,
3598,Fathima,female,1.0
3599,Galado,,
3600,Seinulabadeen,,
3601,Nana,female,0.78
3602,Amélio,,
3603,Marvin,male,1.0
3604,Roxane,female,1.0
3605,Miklos,male,1.0
3606,Beuno,,
3607,Donata,female,1.0
3608,Humbert,female,0.5
3609,Duchoud,,
3610,Arlète,,
3611,Aubert,female,0.5
3612,Taha,male,0.99
3613,Nathan,male,1.0
3614,Scheine,,
3615,Alys,female,1.0
3616,Kathleen,female,1.0
3617,Mae,female,0.99
3618,Donatien,male,1.0
3619,Alonso,male,0.99
3620,Lucina,female,1.0
3621,Salvatora,,
3622,Felicita,female,1.0
3623,Hirma,,
3624,Marcy,female,0.98
3625,Mariá,,
3626,José-Manuel,male,1.0
3627,Novelia,female,1.0
3628,Angéline,,
3629,Eolo,male,1.0
3630,Frédérica,,
3631,Tersilla,,
3632,Nigel,male,1.0
3633,Frederick,male,1.0
3634,Leony,male,0.59
3635,Gui,male,0.77
3636,Tarcisio,male,1.0
3637,Idelfonso,male,1.0
3638,Pino,male,0.92
3639,Benedicta,female,1.0
3640,Guerrina,,
3641,Yves-Alain,,
3642,Eckhard,male,1.0
3643,Calude,,
3644,Zoubir,male,1.0
3645,Amin,male,0.91
3646,Fahmy,male,1.0
3647,Amram,male,1.0
3648,Hariette,female,1.0
3649,Christof,male,1.0
3650,Rrahime,,
3651,Wojciech,male,1.0
3652,Fédéric,,
3653,Trudy,female,0.99
3654,Hale,female,0.88
3655,Moh'd,male,1.0
3656,Yvanna,female,1.0
3657,Jean-Pierre-Moïse,,
3658,Leolda,,
3659,Fanette,female,1.0
3660,Raquel,female,1.0
3661,Toi,female,1.0
3662,Munir,male,1.0
3663,Feliciana,female,1.0
3664,Andreana,female,1.0
3665,Cetin,male,1.0
3666,Ibadet,female,1.0
3667,Fata,female,0.5
3668,Asli,female,0.98
3669,Manlio,male,1.0
3670,Lorian,male,1.0
3671,Grégoire,male,1.0
3672,Wa,female,0.5
3673,Gregoire,male,1.0
3674,Ermando,male,1.0
3675,Andrée-Louise,,
3676,Chrisnovic,,
3677,Barry,male,0.98
3678,Dionyssios,,
3679,Mykola,male,1.0
3680,Bintou,female,1.0
3681,Hikmat,male,0.9
3682,Rosy,female,0.99
3683,Hildebrand,,
3684,Milakanur,,
3685,Gizelle,female,1.0
3686,Marylène,female,1.0
3687,Petrus,male,1.0
3688,Péter,,
3689,Parasuraman,,
3690,Mahmut,male,1.0
3691,Lida,female,1.0
3692,Raimondo,male,1.0
3693,Nella,female,1.0
3694,Ramses,male,1.0
3695,Crescentino,,
3696,Carlota,female,1.0
3697,Abolhassan,,
3698,Médeni,,
3699,Glodi,,
3700,Eliot,male,0.96
3701,Tesfai,,
3702,Dov,male,1.0
3703,Fayçal,,
3704,Gilvie,,
3705,Giannina,female,1.0
3706,Leonora,female,1.0
3707,Siriphorn,,
3708,Frederic,male,1.0
3709,Hamish,male,1.0
3710,Ruzena,female,1.0
3711,Wah,male,0.95
3712,Huu-Tru,,
3713,Vinh-Khang,,
3714,Bich,female,0.75
3715,Canh,male,1.0
3716,Elinor,female,1.0
3717,Barbera,female,0.5
3718,Odd,male,1.0
3719,Marie-Philomène,,
3720,Suzanne-Lydia-Eva,,
3721,Gillys,,
3722,Ebru,female,1.0
3723,Mariantonia,female,1.0
3724,Jevrem,,
3725,Gradimir,,
3726,Krishna,male,0.71
3727,Rrushe,female,1.0
3728,Ibano,,
3729,Maraísa,,
3730,Nazifa,,
3731,Yrène,,
3732,Leopardo,,
3733,Pieter,male,1.0
3734,Noële,,
3735,Lieselotte,female,1.0
3736,Mamdouh,male,0.95
3737,Libuse,female,1.0
3738,Jovan,male,0.95
3739,Jacoba,,
3740,Uropb,,
3741,Toedtli,,
3742,Thaddee,,
3743,Jacobo,male,1.0
3744,Hesat,,
3745,Mateus,male,1.0
3746,Sidónio,,
3747,Patricia-Georgette,,
3748,Alexina,female,0.67
3749,Fiona,female,1.0
3750,Nozima,,
3751,Dragan,male,0.98
3752,Luca,male,0.99
3753,Aemilia,female,1.0
3754,Emeka,male,1.0
3755,Dorith,,
3756,Yildiz,female,0.87
3757,Ary-Hagop-Edouard-Papken,,
3758,Lidiscia,,
3759,Yenny,female,0.99
3760,Ilyan,,
3761,Line,female,1.0
3762,Pierre-Marie,male,1.0
3763,Nijaz,male,1.0
3764,Yehia,male,0.98
3765,Bakr,male,1.0
3766,Halil,male,0.99
3767,Mevlida,,
3768,Prince,male,0.98
3769,Neva,female,0.92
3770,Feza,female,0.5
3771,Servando,male,1.0
3772,Modesta,female,1.0
3773,Estela,female,1.0
3774,Ian,male,0.99
3775,Blas,male,1.0
3776,Mehemed,male,1.0
3777,Hartwig,male,1.0
3778,Zivarkhanom,,
3779,Théophile,male,1.0
3780,Jannik,male,1.0
3781,Lourdes,female,1.0
3782,Lise-Marguerite-Edmée,,
3783,Nefissa,female,1.0
3784,Lilette,female,1.0
3785,Göran,male,1.0
3786,Nélie,,
3787,Abdelkrim,male,1.0
3788,Eralp,male,1.0
3789,Sevim,female,1.0
3790,Avni,female,0.74
3791,Anastassios,male,1.0
3792,Jocelin,female,0.67
3793,Cyprien,male,1.0
3794,Zoltan,male,1.0
3795,Michelino,,
3796,Eftekhar,,
3797,Yves-François,,
3798,Roxanne,female,1.0
3799,Aristobulo,,
3800,Rajindar,female,1.0
3801,Stanislaw,male,1.0
3802,Brigida,female,1.0
3803,Soghra,female,1.0
3804,Marcelin,male,1.0
3805,Antonello,male,1.0
3806,Haritina,,
3807,Jean-Dominique,,
3808,Kitcha,,
3809,Sandrina,female,1.0
3810,Sudhir,male,1.0
3811,Prapa,,
3812,Jovo,male,1.0
3813,Elvezia,female,1.0
3814,Antonetta,female,1.0
3815,Georgios,male,1.0
3816,Maija,female,1.0
3817,Omero,male,1.0
3818,Nikolaos,male,1.0
3819,Yola,female,1.0
3820,Ferruccio,male,1.0
3821,Kaliopi,female,1.0
3822,Halidou,male,1.0
3823,Rosilio,,
3824,Soli,male,0.82
3825,Blanche-Thérèse,,
3826,Chedli,male,1.0
3827,Ermanna,female,1.0
3828,Elliot,male,1.0
3829,Sylvestre,male,1.0
3830,Sitalakshmi,,
3831,Melanie,female,1.0
3832,Wilma,female,1.0
3833,Daniel-Henri,,
3834,Lena,female,0.99
3835,Feriya,,
3836,Thibault,male,0.96
3837,Sari,female,0.95
3838,Léonne,,
3839,Malko,male,1.0
3840,Satkuneswary,,
3841,Alvaro,male,1.0
3842,Bojidar,male,1.0
3843,Béla,male,1.0
3844,Geoges,,
3845,Urbano,male,1.0
3846,Remigio,male,1.0
3847,Olindo,male,1.0
3848,Dionigi,,
3849,Cinzia,female,1.0
3850,Reymonde,,
3851,Castor,male,1.0
3852,Laurettte,,
3853,Ross,male,0.95
3854,Felisberto,,
3855,Liyanage,female,1.0
3856,Sita,female,1.0
3857,Pathmasany,,
3858,Tomas,male,0.99
3859,Cipriano,male,1.0
3860,Rachèle,,
3861,Efren,male,1.0
3862,Florio,,
3863,Hilaire,,
3864,Rose-Lucie,,
3865,Maneerat,female,1.0
3866,Geogres,,
3867,Clovis,male,0.93
3868,Joanna,female,1.0
3869,Hellène,,
3870,Lucilla,female,1.0
3871,Obertila,,
3872,Berhte,,
3873,Mirtha,female,1.0
3874,Viktorine,,
3875,Norah,female,1.0
3876,Synèse,,
3877,Justine,female,0.99
3878,Maria-Marceline,,
3879,Marie-Chantal,female,1.0
3880,Ulfo,,
3881,Jayne,female,0.99
3882,Ximena,female,0.99
3883,Janic,female,0.5
3884,Nenad,male,0.98
3885,Nikolaj,male,1.0
3886,Nadiia,female,1.0
3887,Lerna,female,1.0
3888,Maryvonne,female,1.0
3889,Arunee,female,1.0
3890,Ludwika,,
3891,Frédérich,,
3892,Jon,male,1.0
3893,Manon,female,1.0
3894,Phuc,male,0.91
3895,Thong,male,0.67
3896,Pelagia,female,1.0
3897,Vartouhi,,
3898,Ilario,male,1.0
3899,Chiarina,female,1.0
3900,Davide,male,1.0
3901,Neith,female,1.0
3902,Ferdinando,male,1.0
3903,Ademaro,,
3904,Théau,,
3905,Charles-Henri,male,1.0
3906,Penda,female,1.0
3907,Dorothée,female,1.0
3908,Padmanabha,,
3909,Nanikutty,,
3910,Louis-Marc,,
3911,Yva,male,1.0
3912,Haim,male,0.95
3913,Barosa,male,1.0
3914,Johana,female,1.0
3915,Sergia,female,1.0
3916,Dionísio,,
3917,Gervasia,female,1.0
3918,Hajrija,female,1.0
3919,Vladimiro,,
3920,Pervenche,,
3921,Héric,,
3922,Andrés,male,1.0
3923,Heide,female,1.0
3924,Elodie,female,1.0
3925,Alberto-Secondo,,
3926,Michela,female,1.0
3927,Raimonda,female,1.0
3928,Ratko,male,1.0
3929,Rosemay,,
3930,Onno,male,1.0
3931,Václav,male,1.0
3932,Jusuf,male,1.0
3933,Letizia,female,1.0
3934,Jürgen,male,1.0
3935,Haimo,,
3936,Conchita,female,0.94
3937,Pararasa,,
3938,Markandu,,
3939,Miron-Vlad,,
3940,Cristian-Ovidiu,,
3941,Boban,male,0.95
3942,Sanyogeeta,,
3943,Felipe,male,1.0
3944,Charles-André,,
3945,Esper,,
3946,Giampiero,male,1.0
3947,Neige,female,1.0
3948,Andrei,male,0.99
3949,Cornélia,,
3950,Josipa,female,1.0
3951,Hanns,male,1.0
3952,Rolland,male,1.0
3953,Narcizas,,
3954,Maximina,female,1.0
3955,Onesta,,
3956,Tilka,,
3957,Marie-Virginie,female,1.0
3958,Agatha,female,1.0
3959,Nazzarena,female,1.0
3960,Panayotis,male,1.0
3961,Piero,male,0.99
3962,Buarieo,,
3963,Vita,female,0.99
3964,Francine-Simone,,
3965,Amandine,female,1.0
3966,Rocchina,,
3967,Andrée-Elise-Süsy,,
3968,Lam,male,0.53
3969,Ky-Schook,,
3970,Aolo,,
3971,Didar,female,0.67
3972,Malka,female,1.0
3973,Stéfane,,
3974,Maurus,male,1.0
3975,Hinda,female,1.0
3976,Teddy,male,0.92
3977,Vasile,male,1.0
3978,Nadezda,female,1.0
3979,Constantina,female,1.0
3980,Du,male,0.64
3981,Tayebeh,female,1.0
3982,Ólafur,male,1.0
3983,Zouheir,male,1.0
3984,Rashida,female,1.0
3985,Nour-Eddine,male,1.0
3986,Rosie,female,1.0
3987,Fulvia,female,1.0
3988,Azrudin,,
3989,Andry,male,0.83
3990,Bhaskar,male,1.0
3991,Yamna,female,1.0
3992,Sacha,male,0.64
3993,Basia,female,1.0
3994,Selvaranjini,,
3995,Alice-Clara,,
3996,Mehry,,
3997,Chahrokh,,
3998,Aleksander,male,1.0
3999,Augustus,male,1.0
4000,Ntsalama,,
4001,Andalib,male,1.0
4002,Gabina,female,1.0
4003,Fabbio,,
4004,Mahesh,male,1.0
4005,Grégorio,,
4006,Israël,male,1.0
4007,Konstantin,male,1.0
4008,Virgiliu,,
4009,Aashir,male,1.0
4010,Philine,female,1.0
4011,Léonore,female,1.0
4012,Aurélio,,
4013,Vereneli,,
4014,Aldina,female,1.0
4015,Asimija,,
4016,Pa,male,0.76
4017,Dilia,female,1.0
4018,Edmé,,
4019,Josée,female,1.0
4020,Renald,male,1.0
4021,Alda,female,1.0
4022,Gaida,female,1.0
4023,Alphons,male,1.0
4024,Janice,female,1.0
4025,Katy,female,1.0
4026,Golalai,,
4027,Baltazar,male,1.0
4028,Amparo,female,0.99
4029,Thom,male,0.99
4030,Demush,,
4031,Alija,male,1.0
4032,Shqipe,female,1.0
4033,Canasia,,
4034,Edre,male,1.0
4035,Boulisa,,
4036,Erwira,,
4037,Margrittli,,
4038,Jäne,,
4039,Rolphe,,
4040,Léticia,,
4041,Iouri,,
4042,Irena,female,0.99
4043,Yacine,male,0.98
4044,Ismael,male,1.0
4045,Cátia,female,1.0
4046,Jean-Bernard,male,1.0
4047,Almo,male,1.0
4048,Gerard,male,1.0
4049,Gracia,female,1.0
4050,Achilles,male,1.0
4051,Myrta,female,1.0
4052,Heid,,
4053,Beda,female,0.91
4054,Elisabethe,,
4055,Myrtô,female,1.0
4056,N'Dioba,,
4057,Edelweiss,female,1.0
4058,Fiore,female,0.81
4059,Christiano,male,1.0
4060,Renza,female,1.0
4061,Concettina,female,1.0
4062,Lolette,,
4063,Momcilo,,
4064,Ozrenko,,
4065,Geroges,,
4066,Dorina,female,1.0
4067,Anthea,female,1.0
4068,Roselinde,female,1.0
4069,Hamdi,male,0.99
4070,Rosamaria,female,1.0
4071,Luigino,male,1.0
4072,Meta,female,0.98
4073,Saskia,female,1.0
4074,Dorita,female,1.0
4075,Lola,female,0.98
4076,Noah,male,0.98
4077,Corina,female,1.0
4078,Ernesto,male,1.0
4079,Odilo,,
4080,Nicolay,male,1.0
4081,Aladino,female,0.5
4082,Maruja,female,1.0
4083,Encarnación,,
4084,Rasel,male,0.8
4085,Iria,female,1.0
4086,Josyane,,
4087,Ervé,,
4088,Camilla,female,1.0
4089,Magda,female,0.97
4090,Zinia,,
4091,Pierre-Maurice,,
4092,Gastone,male,1.0
4093,Augustina,female,1.0
4094,Morgan,female,0.64
4095,Otello,male,1.0
4096,Mila,female,0.99
4097,Mongi,male,1.0
4098,Willem,male,1.0
4099,Laureana,female,1.0
4100,Ion,male,0.95
4101,Lidon,female,1.0
4102,Ariane-Lina,,
4103,Géraldine,female,1.0
4104,Osvalda,,
4105,Enoe,male,1.0
4106,Terza,,
4107,Jacquette,,
4108,Bice,,
4109,Giangiacomo,male,1.0
4110,Thérèsse,,
4111,Elâine,,
4112,Theodora,female,1.0
4113,Shaliew,,
4114,Mustapha,male,0.99
4115,Saleha,female,1.0
4116,Annalena,female,1.0
4117,Roberta,female,1.0
4118,Soroush,male,0.86
4119,Talat,male,0.84
4120,Gio,male,0.86
4121,Ghino,male,1.0
4122,Edelmira,female,1.0
4123,Yuko,female,0.99
4124,Betzy,female,1.0
4125,Natan,male,1.0
4126,Lujza,,
4127,Becky,female,1.0
4128,Paula-Vicenta,,
4129,Simson,male,1.0
4130,Rotraut,,
4131,Desidera,,
4132,Kareen,female,0.94
4133,Remedios,female,1.0
4134,Helbling,,
4135,Dominik,male,0.99
4136,Anghelina,female,1.0
4137,Selbourne,,
4138,Liboria,,
4139,Ciresica,,
4140,Cornelius,male,0.98
4141,Bellice,,
4142,Maria-Luz,,
4143,Gunhild,female,1.0
4144,Valanti,,
4145,Aleksandr,male,1.0
4146,Süham,,
4147,Marzieh,female,1.0
4148,Marouane,male,1.0
4149,Mehdija,,
4150,Behiyeh,,
4151,Parvine,,
4152,Drenuse,,
4153,Qazim,male,1.0
4154,Ekreme,,
4155,Ghansou,,
4156,Pourandokht,,
4157,Ezequiela,,
4158,Nektar,,
4159,Lorens,female,1.0
4160,Pero,male,1.0
4161,Jackline,female,1.0
4162,Yahya,male,1.0
4163,Teslime,female,1.0
4164,Halit,male,0.98
4165,Haïfa,,
4166,Jehanara,,
4167,Kheïra,,
4168,Choloshka,,
4169,Qibrije,,
4170,Emel,female,0.97
4171,Mesut,male,1.0
4172,Käis,,
4173,Hayat,female,0.7
4174,Fortunée,,
4175,Sergy,male,1.0
4176,Martia,,
4177,Incherah,,
4178,Guita,,
4179,Ditiro,,
4180,Cristofer,male,1.0
4181,Kadim,male,1.0
4182,Zemina,,
4183,Naomi,female,0.99
4184,Cinta,female,1.0
4185,Jordi,male,1.0
4186,Conception,,
4187,Nourélya,,
4188,Yaëlle,,
4189,Fay,female,0.98
4190,Milos,male,1.0
4191,Azar,female,0.75
4192,Rifaat,female,1.0
4193,Thomas-Alexandre,,
4194,Lonceny,,
4195,Cornelis,male,1.0
4196,Rubens,male,1.0
4197,Jocelyn,female,0.95
4198,Florencio,male,1.0
4199,Hernan,male,1.0
4200,Daysi,female,1.0
4201,Lucia-Francisca,,
4202,Victorino,male,1.0
4203,Frits,male,0.86
4204,Saturnia,,
4205,Nazih,male,1.0
4206,Gesualdo,male,1.0
4207,Moreshwar,male,1.0
4208,Agatina,female,1.0
4209,Almiro,,
4210,Yuri,female,0.52
4211,Amílcar,,
4212,Maria-Nieves,,
4213,Salvador,male,1.0
4214,Margarith,,
4215,Loraine,female,1.0
4216,Rabija,,
4217,Fürchtegott,,
4218,Asia,female,0.99
4219,Fouad,male,0.98
4220,Yeghnik,,
4221,Walpurga,,
4222,Almas,female,0.67
4223,Vijayaledsumy,,
4224,Keiji,male,1.0
4225,Ilma,female,0.83
4226,Danick,male,1.0
4227,Zwi,female,1.0
4228,Mel,female,0.88
4229,Tauba,,
4230,Hatice,female,0.99
4231,Arpit,male,1.0
4232,Grethe,female,1.0
4233,Clorinda,female,1.0
4234,Livia,female,0.99
4235,Lyssia,,
4236,Anca,female,0.98
4237,Regine,female,1.0
4238,Simoneth,,
4239,Alwin,male,1.0
4240,Odettte,,
4241,Herwig,male,1.0
4242,Soccorso,,
4243,Erwan,male,0.99
4244,Erich-Rodolphe,,
4245,Cäsar,,
4246,Odilla,,
4247,Sylvane,male,1.0
4248,Anne-Yolaine,,
4249,Annaïse,,
4250,Hedi,male,0.85
4251,Rudolphe,male,1.0
4252,Alfonsine,,
4253,Victorina,female,1.0
4254,Aloisia,,
4255,Véréna,female,1.0
4256,Fidelis,male,1.0
4257,Johanne,female,1.0
4258,Danielle-Aimée,,
4259,Fausto,male,1.0
4260,Charlott,female,1.0
4261,Zenica,,
4262,Liesel,female,1.0
4263,Margritli,,
4264,Marie-Josette,female,1.0
4265,Bethli,,
4266,Claudie,female,1.0
4267,Henrica,,
4268,Eguénie,,
4269,Julita,female,1.0
4270,Pronia,,
4271,Mailyn,female,1.0
4272,Elianne,female,1.0
4273,Brunhilde,female,1.0
4274,Rizieri,,
4275,Jeff,male,1.0
4276,Zoltàn,,
4277,Siyar,,
4278,Onofrio,male,1.0
4279,Igor,male,1.0
4280,Fikre,male,1.0
4281,Hedda,female,1.0
4282,Mahmud,male,0.88
4283,Hans-Ruedi,male,1.0
4284,Youssra,female,1.0
4285,Nuno,male,1.0
4286,Hermelinda,female,1.0
4287,Ichoua,,
4288,Benedetto,male,1.0
4289,Remzije,,
4290,Lorjan,,
4291,Bisljim,,
4292,Amor,female,0.67
4293,Yerçanik,,
4294,Velautham,,
4295,Sellachi,,
4296,Serafina,female,1.0
4297,Yoshimasa,male,1.0
4298,Elmira,female,1.0
4299,Asunta,,
4300,Mirian,female,1.0
4301,Rogelio,male,1.0
4302,Theodore,male,0.96
4303,Altan,male,1.0
4304,Ousmane,male,1.0
4305,Mahboubeh,female,1.0
4306,Ramize,female,1.0
4307,Shantaben,,
4308,Naseerha,,
4309,Sehil,,
4310,Luana,female,1.0
4311,Zari,,
4312,Omelia,,
4313,Margret,female,1.0
4314,Shaqir,male,1.0
4315,Fahmi,male,0.96
4316,Khaled,male,0.98
4317,Charuni,,
4318,Daut,male,1.0
4319,Feisel,,
4320,Akihiko,male,1.0
4321,Leonidas,male,0.96
4322,Kaspar,male,1.0
4323,Peppino,male,1.0
4324,Linus,male,0.85
4325,Lazaro,male,1.0
4326,Soledade,,
4327,Jacquelina,female,1.0
4328,Nestor,male,1.0
4329,Chiranjibi,,
4330,Silvina,female,1.0
4331,Benoit,male,1.0
4332,Sinan,male,0.99
4333,Amarjit,male,0.77
4334,Satwinder,male,1.0
4335,Balwant,male,1.0
4336,Annunzio,,
4337,Tullia,female,1.0
4338,Daniella,female,1.0
4339,Cláudio,male,1.0
4340,Agop,,
4341,Kulam,,
4342,Andrzej,male,0.98
4343,Feliks,male,1.0
4344,Edel,female,0.93
4345,Erina,female,1.0
4346,IIse,female,1.0
4347,Amorido,,
4348,Rahel,female,1.0
4349,Bazir,,
4350,Enid,female,1.0
4351,Luísa,female,1.0
4352,Bengt,male,1.0
4353,Yevgin,,
4354,Gennady,male,0.83
4355,Tullio,male,1.0
4356,Julianne,female,1.0
4357,Ewyne,,
4358,Liza,female,1.0
4359,Pierrine,female,1.0
4360,Primerose,female,1.0
4361,Stanley,male,0.96
4362,Mihailo,male,1.0
4363,Milivoj,male,1.0
4364,Doré,,
4365,André-Marie,,
4366,Mouctar,,
4367,Custodia,female,1.0
4368,Zaira,female,1.0
4369,Almirka,,
4370,Delma,female,1.0
4371,Jwan,female,0.5
4372,Petra,female,0.99
4373,Giannenrico,,
4374,Arturina,,
4375,Konstantinos,male,1.0
4376,D,male,0.79
4377,Nathapon,male,1.0
4378,Médée,,
4379,Gary,male,1.0
4380,Ermenegilda,,
4381,Alin-Gabriel,,
4382,Simion,male,1.0
4383,Tadeusz,male,1.0
4384,Clifton,male,1.0
4385,Rico,male,0.99
4386,Kira,female,0.91
4387,Aleksandar,male,0.99
4388,Velia,female,1.0
4389,Emmanuelle,female,0.98
4390,Priska,female,1.0
4391,Vienna,female,1.0
4392,Kätheli,,
4393,Marie-Anne,female,1.0
4394,Deirdre,female,1.0
4395,Gertruda,female,1.0
4396,Nikolai,male,0.98
4397,Lazar,male,1.0
4398,Jovica,male,1.0
4399,Dobrila,female,1.0
4400,Drinoslava,,
4401,Lolita,female,0.96
4402,Gelmina,,
4403,Ruggero,male,1.0
4404,Jolanka,,
4405,Reinhilde,female,1.0
4406,Alise,female,1.0
4407,Käthi,female,1.0
4408,Felicity,female,1.0
4409,Blanchette,,
4410,Elzbieta,female,1.0
4411,Margueritha,,
4412,Lorenz,male,1.0
4413,Heidelinde,female,1.0
4414,Hayet,female,1.0
4415,Helma,female,1.0
4416,Muhammad,male,1.0
4417,Sekula,,
4418,Nuria,female,1.0
4419,Tsugio,,
4420,Noel,male,0.83
4421,Hazar,male,0.88
4422,Janaki,female,1.0
4423,Prabha,female,0.83
4424,Thripurasundari,,
4425,Philomena,female,1.0
4426,Viktoria,female,0.98
4427,Shanuka,,
4428,Jolan,male,1.0
4429,Aurisia,,
4430,Cellerina,female,1.0
4431,Kerstin,female,1.0
4432,Marinus,male,1.0
4433,Jerzy,male,0.92
4434,Milazim,,
4435,Sekou,male,1.0
4436,N'Fanly,,
4437,Solomon,male,0.99
4438,Dieufrantz,,
4439,Dwojra,,
4440,Edmund,male,1.0
4441,Ottorino,male,1.0
4442,Hessam,male,1.0
4443,Rahim,male,1.0
4444,Syrio,,
4445,Amilcare,male,1.0
4446,Stanislaa,,
4447,Lázaro,male,1.0
4448,Gli,,
4449,Rosalba,female,1.0
4450,Massar,,
4451,Tamotsu,,
4452,Mikiko,female,1.0
4453,Wafik,male,1.0
4454,Aret,male,1.0
4455,Archilde,,
4456,Surya,male,0.71
4457,Anouche,female,1.0
4458,Hideo,male,1.0
4459,Takako,female,0.91
4460,Iuliana-Cosmina,,
4461,Neeltje,female,1.0
4462,Umberta,female,1.0
4463,Desi,female,0.83
4464,Ruby,female,0.97
4465,Tonny,male,0.98
4466,Eleuther,,
4467,Sylvère,,
4468,Baldomero,male,1.0
4469,Wahidullah,,
4470,Ersin,male,0.98
4471,Dimitar,male,0.98
4472,Onnik,,
4473,Dorine,female,1.0
4474,Kissag,,
4475,Sybil,female,0.96
4476,Ermanno,male,1.0
4477,Ambroisine,,
4478,Marjorie,female,0.99
4479,Jeffrey,male,1.0
4480,Anatoli,male,0.82
4481,Ghiri-Ganka,,
4482,Jacques-Emmanuel,,
4483,Guenet,,
4484,Netsanet,female,1.0
4485,Ntalia,,
4486,Armenik,,
4487,Zara,female,0.97
4488,Angélika,,
4489,Séverine,female,1.0
4490,Annonciata,,
4491,Viveya,,
4492,Zenawe,,
4493,Rai,male,0.73
4494,Sully,female,0.64
4495,Giovanna-Maria,,
4496,Eyasu,male,1.0
4497,Réna,,
4498,Sheelagh,female,1.0
4499,Quen,male,1.0
4500,Teresa-Maria,,
4501,Sylva,female,1.0
4502,Marie-Josèphe,,
4503,Thilini,female,1.0
4504,Akshita,female,1.0
4505,Hannelies,,
4506,Raphaële,,
4507,Primitiva,,
4508,Jean-Benoit,male,1.0
4509,Symphorien,,
4510,Eranuhi,,
4511,Haydee,female,1.0
4512,Ventzislav,,
4513,Genu,,
4514,Olinto,male,1.0
4515,Salwa,female,0.98
4516,Tiberius,male,1.0
4517,Schira,,
4518,Dragutin,,
4519,Dyla,female,1.0
4520,Duyet,,
4521,Floria,female,1.0
4522,Deni,male,0.72
4523,Riva,female,0.84
4524,Edgidio,,
4525,Pasqua,female,1.0
4526,Bortolo,,
4527,Fidan,female,0.73
4528,Kalin,male,0.88
4529,Gervasio,male,1.0
4530,Vladislav,male,1.0
4531,Birgit,female,1.0
4532,Deline,,
4533,Alessandrina,,
4534,Deasy,female,1.0
4535,Silvestre,male,1.0
4536,Hildra,,
4537,Florent,male,1.0
4538,Mohand,male,1.0
4539,Simy,female,1.0
4540,Leüs,,
4541,Lassiné,,
4542,Rahimmah,,
4543,Yoan,male,0.97
4544,Nhan,male,0.75
4545,Hoa,female,0.82
4546,Soie,,
4547,Huong,female,0.93
4548,Hieu,male,0.8
4549,hoang,male,0.61
4550,Trân,,
4551,Alhassane,,
4552,Stig,male,1.0
4553,Isolina,female,1.0
4554,Horacio,male,1.0
4555,Alec,male,0.97
4556,Beniamina,,
4557,Hans-Jörg,male,1.0
4558,Gauthier,male,1.0
4559,Catena,,
4560,Zarko,male,1.0
4561,Loyse,,
4562,Rok,male,1.0
4563,Venera,female,1.0
4564,Lorraine,female,1.0
4565,Ariette,female,1.0
4566,Hasmik,female,1.0
4567,Gebre,,
4568,Yasuhiko,male,1.0
4569,Naomichi,,
4570,Violanta,,
4571,Eila,female,1.0
4572,Domenic,male,1.0
4573,Ken,male,0.99
4574,Louiselle,female,1.0
4575,Abdesslem,male,1.0
4576,Alfonsina,female,1.0
4577,Przemyslaw,male,1.0
4578,Gitta,female,1.0
4579,Toshiyuki,male,1.0
4580,Akin,male,0.98
4581,Françoise-Amélie,,
4582,Géza,,
4583,Muammer,,
4584,Nikolay,male,1.0
4585,Vlasta,female,0.84
4586,Zoila,female,1.0
4587,Eloina,female,1.0
4588,Berno,male,1.0
4589,Abas,male,1.0
4590,Masoumeh,female,1.0
4591,Demètre,,
4592,Sefketa,,
4593,Alejandra,female,0.99
4594,Mistica,,
4595,Jean-Georges,,
4596,Anatoliy,male,1.0
4597,Geurt,,
4598,Godefridus,,
4599,Janna,female,1.0
4600,Myriel,,
4601,Franciscus,male,1.0
4602,Vivienne,female,1.0
4603,Morag,female,1.0
4604,Engelbert,male,1.0
4605,Prospère,,
4606,Kandiah,male,1.0
4607,Clotilda,,
4608,Célestin,male,1.0
4609,Loeung,,
4610,Alexis-Paul,,
4611,Eunice,female,0.99
4612,Petr,male,1.0
4613,Slobodan,male,1.0
4614,Robinson,male,0.99
4615,Avelina,,
4616,Hadrien,male,1.0
4617,Jasmine,female,0.99
4618,Oclerio,,
4619,Lise-Lotte,female,1.0
4620,Marinora,,
4621,Maria-Carmen,,
4622,Vlada,male,0.87
4623,Dragoje,,
4624,Valeri,male,0.93
4625,Miroljub,male,1.0
4626,Gábor,male,1.0
4627,Mosè,male,1.0
4628,Ananthalakshmi,female,1.0
4629,Jak,male,0.9
4630,Lauro,male,1.0
4631,Adriamparany,,
4632,Engjëll,male,1.0
4633,Laurella,,
4634,Silvestra,,
4635,Liliann,female,1.0
4636,Julieta,female,0.99
4637,Rufus,male,1.0
4638,Thuy,female,0.94
4639,Clothilde,female,1.0
4640,Ardelia,female,1.0
4641,Lorette,female,1.0
4642,Vikas,male,1.0
4643,Ofelia,female,1.0
4644,Alyne,female,1.0
4645,Elicia,female,1.0
4646,Gioconda,female,1.0
4647,Armelle,female,1.0
4648,Sarn,,
4649,Andri,male,0.91
4650,Brandina,female,1.0
4651,Iginio,,
4652,Janyne,,
4653,Annina,female,1.0
4654,Ljuba,male,0.6
4655,Demir,male,1.0
4656,Calliopi,female,1.0
4657,Frantiska,female,1.0
4658,Liam,male,0.99
4659,Lory,female,0.83
4660,Genèvieve,,
4661,Marika,female,0.99
4662,Mathos,,
4663,Bodo,male,0.83
4664,Babette,female,1.0
4665,Johann-Caspar,,
4666,Iwan,male,1.0
4667,Geraldo,male,0.98
4668,Ivar,male,1.0
4669,Georgettte,,
4670,Marzell-Anton,,
4671,Edda,female,1.0
4672,Eugenius,,
4673,Jacques-Maurice,,
4674,Gilette,,
4675,Genoveva,female,1.0
4676,Dusan,male,1.0
4677,Andrija,male,0.94
4678,Godelive,,
4679,Linette,female,1.0
4680,Julienne,female,1.0
4681,Djurdjina,female,1.0
4682,Reveica,,
4683,Armenouhi,,
4684,IIsa,,
4685,Peroja,,
4686,Bendicht,,
4687,Myriem,female,1.0
4688,Lee,male,0.75
4689,Lokoka,,
4690,Ludovica,female,0.97
4691,Shulan,female,1.0
4692,Jufang,,
4693,Lin,female,0.74
4694,Shirley,female,1.0
4695,Joann,female,0.99
4696,Marisol,female,1.0
4697,Russel,male,0.99
4698,Dornach,,
4699,Franziska,female,1.0
4700,Marc-Raymond,,
4701,Adélaïde,female,0.93
4702,Tore,male,0.97
4703,Lucille,female,0.94
4704,Jeanne-Rose,,
4705,Edemengarda,,
4706,Gizela,female,1.0
4707,Williams,male,0.95
4708,Alfred-Edwin,,
4709,Ermias,male,1.0
4710,Halina,female,1.0
4711,Atanas,male,1.0
4712,Omonde,,
4713,Karlheinz,male,1.0
4714,Eberhard,male,1.0
4715,Hersz,,
4716,Dalila,female,1.0
4717,Scot,male,1.0
4718,Laurie,female,0.94
4719,Loren,female,0.66
4720,Claude-Henri,,
4721,Tanya,female,1.0
4722,Adrienne-Emma,,
4723,Lazara,female,1.0
4724,Magdalene,female,1.0
4725,Marie-Danielle,,
4726,Elspeth,female,1.0
4727,Alf,male,0.96
4728,Jens,male,1.0
4729,Alice-Jeanne,,
4730,Lori,female,1.0
4731,Abella,,
4732,Doriette,female,1.0
4733,Mutombo,,
4734,Weltin,,
4735,Andrej,male,0.99
4736,Krysztof,,
4737,Denise-Irène,,
4738,Franciska,female,1.0
4739,Priscilla,female,1.0
4740,Hélève,,
4741,Baptist,,
4742,Jozefa,,
4743,Reinhard,male,1.0
4744,Axmed,male,1.0
4745,Nicolaos,male,1.0
4746,Orestis,male,1.0
4747,Joumana,female,1.0
4748,Yui,female,0.97
4749,Rivka,female,1.0
4750,Kazuko,female,1.0
4751,Abdessalem,male,1.0
4752,Yeoh,male,0.57
4753,Fortune,female,0.5
4754,Shee,female,0.86
4755,Jae,male,0.58
4756,Koichi,male,1.0
4757,Leda,female,1.0
4758,Yahia,male,1.0
4759,Nasim,female,0.64
4760,Orhan,male,1.0
4761,Hacène,,
4762,Tamahra,,
4763,Dimitrina,female,1.0
4764,Ladislava,female,1.0
4765,Rima,female,1.0
4766,Adel,male,0.96
4767,Amelio,male,1.0
4768,Marsha,female,1.0
4769,Cleto,male,1.0
4770,Badrozzaman,,
4771,Rosangela,female,1.0
4772,Gottardo,,
4773,Zemira,,
4774,Laurentius,male,1.0
4775,Giancarla,female,1.0
4776,Evasina,,
4777,Schifferaw,,
4778,Ivo,male,0.97
4779,Boujemaa,,
4780,Iulia,female,1.0
4781,Vatan,male,1.0
4782,Mahmed,male,1.0
4783,Séraphin,male,1.0
4784,Ping,female,0.54
4785,Xiaojin,,
4786,Hongwen,,
4787,Edison,male,1.0
4788,Rajko,male,1.0
4789,Mosella,,
4790,Marie-Paule,female,1.0
4791,Mechtild,,
4792,Willibald,male,1.0
4793,Zivorad,,
4794,Semir,male,1.0
4795,Giglio,,
4796,Héloïse,female,1.0
4797,Eeva,female,1.0
4798,Schiffra,,
4799,Catia,female,1.0
4800,Habeeb,male,1.0
4801,Paule-Jocelyne,,
4802,Léonidas,,
4803,Irmhild,,
4804,Claudi,female,1.0
4805,Nelida,female,1.0
4806,Axel,male,0.98
4807,Vlado,male,1.0
4808,May-Yvonne,,
4809,Merry,female,0.98
698,Elvezio,,
699,Bronislaw,,
700,Marja,female,0.98
701,Gabriel,male,0.99
702,Malika,female,0.97
703,Léone,,
704,Solange,female,1.0
705,Timur,male,1.0
706,Louana,,
707,Emil,male,0.97
708,Alfried,,
709,William,male,1.0
710,Agnese,female,1.0
711,Zita,female,1.0
712,Muka,male,1.0
713,Elka,female,1.0
714,Lise,female,1.0
715,Rodica,female,1.0
716,Christophe,male,0.99
717,Elvira,female,1.0
718,Margherita,female,0.99
719,Rose-Blanche,,
720,Pauline,female,1.0
721,Gwendoline,female,1.0
722,Reinhold,male,1.0
723,Uriel,male,0.99
724,Umbert,,
725,Guy-Louis,,
726,Bertha,female,0.99
727,Jaqueline,female,0.98
728,Paulina,female,0.99
729,Mina,female,0.6
730,Roberte,,
731,Augusto,male,1.0
732,Jacopo,male,1.0
733,Ilda,female,1.0
734,Wajih,male,1.0
735,Zaven,male,1.0
736,Faustino,male,1.0
737,Thamara,female,1.0
738,Pascaline,female,1.0
739,Thierno,male,1.0
740,Edwin,male,1.0
741,Malih,male,1.0
742,Aquila,female,0.57
743,Zikwenda,,
744,Siegfried,male,1.0
745,Bruno,male,1.0
746,Shami,female,1.0
747,Régine,female,1.0
748,Manoutchehre,,
749,Colomba,female,1.0
750,Loredana,female,1.0
751,Johannes,male,1.0
752,Caterina,female,0.99
753,Mehush,,
754,Miradije,,
755,Zbigniew,male,1.0
756,Namat,,
757,Mandana,female,1.0
758,Harmannus,,
759,István,male,1.0
760,Luc,male,0.97
761,Isidoro,male,1.0
762,Aldo,male,1.0
763,Dino,male,0.99
764,Theresia,female,1.0
765,Bubacar,,
766,Stefan,male,1.0
767,Leontina,female,1.0
768,Artemio,male,1.0
769,Idelma,,
770,Jean-Marc,male,1.0
771,Spasimir,,
772,Andras,male,0.86
773,Artine,,
774,Marian,female,0.82
775,Adolphe,,
776,Zsuzsanna,female,1.0
777,Tanja,female,0.99
778,Lillian,female,0.99
779,Cedonio,,
780,Ronald,male,1.0
781,Klara,female,1.0
782,Christine,female,1.0
783,Helena,female,1.0
784,Consolacion,,
785,Adina,female,1.0
786,Jean-Daniel,male,1.0
787,Marie-Christine,female,0.97
788,Nicolas,male,1.0
789,Alexander,male,1.0
790,Jean-Paul,male,1.0
791,Sabine,female,1.0
792,Agathe,female,1.0
793,Jose,male,0.99
794,Sorin,male,1.0
795,Enrichetta,,
796,Rodolfo,male,1.0
797,Oswald,male,1.0
798,Milan,male,0.98
799,Margit,female,1.0
800,Sandor,male,1.0
801,Bogumila,female,1.0
802,Kurt,male,1.0
803,Jean-Michel,male,0.96
804,Purnendu,male,1.0
805,Vittorina,,
806,Antoaneta,female,1.0
807,Séverin,male,1.0
808,Filipe,male,1.0
809,Sylvie,female,1.0
810,Luise,female,0.75
811,Nisbet,,
812,Marina,female,0.99
813,Casimiro,male,1.0
814,Leonilda,,
815,Thierry,male,0.99
816,Valy,female,0.57
817,Dean,male,0.96
818,Leopoldo,male,1.0
819,Antonino,male,1.0
820,Luisa,female,1.0
821,Albino,male,1.0
822,Rosalina,female,1.0
823,Casmiro,,
824,Horace,male,1.0
825,Nicetta,,
826,Adeline,female,1.0
827,Noëlle,female,1.0
828,Vivianne,female,1.0
829,Amy,female,0.99
830,Floriane,female,1.0
831,Louisette,female,1.0
832,Gaëlle,female,1.0
833,Rolande,female,1.0
834,Didier,male,0.99
835,Sylvaine,female,1.0
836,Danièle,,
837,Mona,female,1.0
838,Domenica,female,1.0
839,Cyrille,male,0.96
840,Adriana,female,1.0
841,Giacomino,,
842,Bella,female,0.98
843,Ankica,female,1.0
844,Marie-Françoise,female,1.0
845,Pascal,male,0.99
846,Claudette,female,1.0
847,Fatma,female,0.99
848,Isabelle,female,1.0
849,Eugène,male,1.0
850,Abdallahadi,,
851,Ariane,female,1.0
852,Norbert,male,1.0
853,Alcide,male,1.0
854,Sheila,female,1.0
855,Salim,male,0.97
856,Raoul,male,1.0
857,Franca,female,1.0
858,Marie-Claude,female,1.0
859,Jean-Claude,male,0.98
860,France,female,0.98
861,Doreen,female,1.0
862,Nell,female,0.97
863,Filberto,,
864,Patrice,male,0.65
865,Johanna,female,1.0
866,Rémy,male,0.73
867,Graciano,male,1.0
868,Felicidad,female,1.0
869,Eusebio,male,1.0
870,Rafaela,female,0.97
871,Modesto,male,1.0
872,Ignacia,female,0.95
873,Camila,female,0.98
874,Agnès,female,0.99
875,Filipina,,
876,Alpha,male,0.73
877,Ibrahima,male,1.0
878,Sándorné,,
879,Hulda,female,1.0
880,Johann,male,0.99
881,Arnaud,male,0.99
882,Iole,female,1.0
883,Erol,male,1.0
884,Annie,female,1.0
885,Mantica,,
886,Ciro,male,1.0
887,Ömer,male,1.0
888,Nicette,,
889,Dogan,male,1.0
890,Carmelo,male,0.98
891,Klaus,male,0.98
892,Terence,male,1.0
893,Aryan,male,1.0
894,Albena,female,1.0
895,Marino,male,0.95
896,Bohumir,,
897,Madelaine,female,1.0
898,Italo,male,1.0
899,Victoria,female,1.0
900,Emily,female,1.0
901,Patricia,female,1.0
902,Wilhelmina,female,1.0
903,Lubbarta,,
904,Josephte,,
905,Eléonore,female,1.0
906,Emilie,female,0.99
907,Gisèle,female,1.0
908,Ottilia,,
909,Jane,female,0.99
910,Evelyne,female,1.0
911,Margareta,female,1.0
912,Isolde,female,1.0
913,Freddy,male,0.97
914,Béatrice-Agnès,,
915,Maximiliana,female,1.0
916,Salomée,,
917,Lilli,female,1.0
918,Fernande,female,1.0
919,Margaretha,female,1.0
920,Margaritha,female,1.0
921,Frieda,female,1.0
922,Ulrich,male,1.0
923,Anne-Laure,female,1.0
924,Elfriede,female,1.0
925,Sarah,female,1.0
926,Paraska,,
927,Gabriele,male,0.81
928,Amélie,female,1.0
929,Reynolde,,
930,Kata,female,0.95
931,Christopher,male,1.0
932,Antonío,,
933,Jean-Nicolas,male,1.0
934,Luciano,male,1.0
935,Assunta,female,1.0
936,Marius,male,1.0
937,Sadija,,
938,Graham,male,1.0
939,Françis,,
940,Yolanda,female,1.0
941,Sylviane,female,1.0
942,Silvano,male,1.0
943,Ernestina,female,0.96
944,Sibylle,female,1.0
945,Eugénie,female,1.0
946,Jane-June,,
947,Andrew,male,1.0
948,Pierre-Richard,,
949,Antje-Christine,,
950,Erzsébet,female,1.0
951,Gerhard,male,1.0
952,Frédéric,male,0.99
953,Oliver,male,0.99
954,Ramdane,male,1.0
955,Djamila,female,1.0
956,Martino,male,0.97
957,Enrico,male,0.97
958,Liliana,female,0.99
959,Konrad,male,1.0
960,Claudius,male,1.0
961,Beatrice,female,1.0
962,Indira,female,0.98
963,Lilianne,female,1.0
964,Ines,female,1.0
965,Selim,male,1.0
966,Alegrina,,
967,Badrieh,,
968,Sala,female,0.5
969,Sadok,male,1.0
970,Mouloud,male,1.0
971,Laetitia,female,0.99
972,Soraya,female,0.99
973,Partizia,,
974,Michele,female,0.7
975,Boualem,male,1.0
976,Ezia,female,1.0
977,Lea,female,0.96
978,Ruth,female,1.0
979,Romilda,female,1.0
980,Germana,female,0.93
981,Calogero,male,1.0
982,Vinicio,male,1.0
983,Jesus,male,0.98
984,Mirta,female,1.0
985,Oscar,male,0.99
986,Jean-François,male,1.0
987,Adriano,male,0.99
988,Andrea,female,0.79
989,Judith,female,1.0
990,Cleonice,female,1.0
991,Hortense,female,0.95
992,Tahar,male,1.0
993,Nedjla,,
994,Réda,male,1.0
995,Mathani,,
996,Ouassila,female,1.0
997,Cherif,male,0.92
998,Ioanna,female,1.0
999,Dominico,,
1000,Achille,male,1.0
1001,Simon,male,0.99
1002,Tony,male,1.0
1003,Fermina,female,1.0
1004,Yako,male,1.0
1005,Amaliya,,
1006,Anis,male,0.73
1007,Pal,male,1.0
1008,Mery,female,1.0
1009,Amar,male,0.88
1010,Renato,male,1.0
1011,Elemer,,
1012,Fatima,female,0.99
1013,Emélie,female,1.0
1014,Yveline,female,1.0
1015,Oro,male,1.0
1016,Aziza,female,1.0
1017,Mad,male,0.63
1018,Rachida,female,1.0
1019,Nacéra,,
1020,Karima,female,1.0
1021,Giulio,male,0.99
1022,Ersulie,,
1023,Elias,male,1.0
1024,Fettouma,,
1025,Liaou,,
1026,Marialuisa,female,1.0
1027,Khalid,male,0.99
1028,Fabienne,female,1.0
1029,Paolina,female,1.0
1030,Miriam,female,1.0
1031,Ada,female,0.96
1032,Zyhrije,,
1033,Gaëtana,,
1034,Annemarie,female,1.0
1035,Céline,female,1.0
1036,Karoly,female,1.0
1037,Anna-Barbara,female,1.0
1038,Joan,female,0.82
1039,Bernd,male,1.0
1040,Woldemar,,
1041,Maddalena,female,1.0
1042,Helene,female,1.0
1043,Céclie,,
1044,Alina,female,0.98
1045,Paulin,male,0.75
1046,Armande,female,1.0
1047,Greta,female,1.0
1048,Lily,female,0.99
1049,Elmire,female,1.0
1050,Chantal,female,1.0
1051,Jocelyne,female,1.0
1052,Flory,female,1.0
1053,Ralph,male,1.0
1054,Erich,male,1.0
1055,Delphine,female,1.0
1056,Regina,female,1.0
1057,Leïla,,
1058,Alem,female,0.67
1059,Janina,female,1.0
1060,Arthur,male,0.98
1061,Fanny,female,0.99
1062,Radu,male,0.89
1063,Milagros,female,1.0
1064,Engracia,female,1.0
1065,Philippe-Charles,,
1066,Cédric,male,1.0
1067,Lyse,female,1.0
1068,Sauro,male,0.86
1069,Mirko,male,1.0
1070,Adrien,male,0.98
1071,Joaquina,female,1.0
1072,George,male,0.99
1073,Isaline,female,1.0
1074,Catharina,female,1.0
1075,Gertrud,female,1.0
1076,Nérée,,
1077,Messoda,,
1078,Noël,male,0.6
1079,Abderrazak,male,1.0
1080,Anita,female,1.0
1081,Nancy,female,1.0
1082,Gertrude,female,1.0
1083,Julien,male,1.0
1084,Eloi,male,0.92
1085,Jolanda,female,1.0
1086,Hanna,female,0.97
1087,Dina,female,0.97
1088,Jackie,female,0.95
1089,Ivan,male,1.0
1090,Madeline,female,1.0
1091,Pierino,male,1.0
1092,Asuncíon,,
1093,Agustin,male,0.99
1094,Juana,female,0.98
1095,Teresa,female,1.0
1096,Vanessa,female,1.0
1097,Irido,,
1098,Renata,female,0.99
1099,Pia,female,1.0
1100,Filomena,female,1.0
1101,Ruben,male,0.97
1102,Ingrid,female,1.0
1103,Hildegarde,female,1.0
1104,Bernardette,female,1.0
1105,Janita,female,1.0
1106,Violette,female,1.0
1107,Nathalie,female,1.0
1108,Klára,female,1.0
1109,Karen,female,1.0
1110,Margaret,female,0.98
1111,Gaël,,
1112,Fabien,male,1.0
1113,Ute,female,1.0
1114,György,male,1.0
1115,Ann,female,0.99
1116,Pilar,female,1.0
1117,Patrizia,female,1.0
1118,Virginie,female,1.0
1119,Laura,female,1.0
1120,Igina,female,1.0
1121,Ignina,,
1122,Xavier,male,0.99
1123,Emmanuel,male,1.0
1124,Annelies,female,1.0
1125,Brigitta,male,0.52
1126,Elizabeth,female,1.0
1127,Sultana,female,1.0
1128,Lucy,female,0.97
1129,Gladys,female,0.97
1130,Raphael,male,1.0
1131,Vera,female,1.0
1132,Ezio,male,1.0
1133,Gilberto,male,1.0
1134,Olimpia,female,1.0
1135,Arup,male,1.0
1136,Krisnaduth,,
1137,Sounittee,,
1138,Alberto,male,1.0
1139,Nicola,female,0.71
1140,Cesare,male,1.0
1141,Glorifina,,
1142,Davina,female,1.0
1143,Agron,male,1.0
1144,Tewfik,male,1.0
1145,Jovita,female,1.0
1146,Eleonora,female,1.0
1147,Gyslaine,,
1148,Clemence,female,1.0
1149,Ulla,female,1.0
1150,Per,male,0.98
1151,Clelia,female,1.0
1152,Amico,male,1.0
1153,Lino,male,0.99
1154,Hedwige,female,1.0
1155,Milka,female,1.0
1156,Joao,male,1.0
1157,Marguerithe,,
1158,Maysoun,female,1.0
1159,Frantz,male,1.0
1160,Regula,female,1.0
1161,Wen,female,0.77
1162,Jöel,,
1163,Farag,male,1.0
1164,Stefanos,male,1.0
1165,Carmélina,,
1166,Marcella,female,0.99
1167,Bindeswar,,
1168,Nives,female,1.0
1169,Francesco,male,1.0
1170,Pavel,male,0.99
1171,Prima,male,0.65
1172,Rosanna,female,0.99
1173,Angeliki,female,1.0
1174,Lajos,male,1.0
1175,Lisetta,female,1.0
1176,Ivy,female,1.0
1177,Clementina,female,1.0
1178,Traian,male,1.0
1179,Viola,female,1.0
1180,Livio,male,1.0
1181,Marzell,,
1182,Eugen,male,1.0
1183,Matteo,male,1.0
1184,Barbara,female,1.0
1185,Dorothy,female,0.99
1186,Marie-Andrée,female,1.0
1187,Palmina,female,1.0
1188,Faton,male,1.0
1189,Florence-Anne,,
1190,Jenny,female,1.0
1191,Michael,male,1.0
1192,Ernesta,female,1.0
1193,Gundel,,
1194,Knut,male,1.0
1195,Mehmed,male,1.0
1196,Jakup,male,1.0
1197,Zuhra,,
1198,Germain,male,0.99
1199,Murielle,female,1.0
1200,Alix,female,0.86
1201,Meinard,,
1202,Romain,male,0.99
1203,Iris,female,0.99
1204,Veronika,female,1.0
1205,Héléna,female,1.0
1206,Cornelia,female,1.0
1207,Clémence,female,1.0
1208,Régis,male,1.0
1209,Rina,female,1.0
1210,Marie-Julie,female,1.0
1211,Auguste,male,0.92
1212,Payom,,
1213,Reine,female,0.92
1214,Ildefonso,,
1215,Dulce,female,0.99
1216,Benita,,
1217,Camille,female,0.94
1218,Enriqueta,female,1.0
1219,Giulia,female,0.99
1220,Myrtha,female,1.0
1221,Elvire,female,1.0
1222,Adolf,male,1.0
1223,Hisae,female,1.0
1224,Erna,female,1.0
1225,Josianne,female,1.0
1226,Tecla,female,0.83
1227,Irma,female,1.0
1228,Rolf,,
1229,Caryl,female,1.0
1230,Stefano,male,1.0
1231,Gian,male,0.99
1232,Albano,male,1.0
1233,Adam,male,1.0
1234,Onorina,female,1.0
1235,Philippine,female,1.0
1236,Misao,,
1237,Hansjörg,male,1.0
1238,Conrad,male,1.0
1239,Jeroen,male,1.0
1240,Boyka,female,1.0
1241,Ellen,female,1.0
1242,Lydea,,
1243,Arpad,male,1.0
1244,Dagmar,female,1.0
1245,Wilhelm,male,1.0
1246,Ami,female,0.86
1247,Charly,male,0.76
1248,Pacale,,
1249,Christvie,,
1250,Rinio,,
1251,Moses,male,0.9
1252,Anneliese,female,1.0
1253,Ignace,male,1.0
1254,Doru,male,1.0
1255,Doina,female,1.0
1256,Pierina,female,1.0
1257,Pablo,male,1.0
1258,Santo,male,0.98
1259,Anab,,
1260,Rolando,male,1.0
1261,Delfina,female,0.94
1262,Euphrosine,,
1263,Severino,male,1.0
1264,Irene,female,1.0
1265,Benito,male,1.0
1266,Régina,female,1.0
1267,Eugenia,female,1.0
1268,Flavio,male,0.99
1269,Willor,,
1270,Sylvio,male,1.0
1271,Lyda,female,1.0
1272,Toufic,male,1.0
1273,Aloysia,,
1274,Grete,female,1.0
1275,Isidore,male,1.0
1276,Ursulina,female,1.0
1277,Lucrèce,female,1.0
1278,Ebe,male,0.75
1279,Karolina,female,1.0
1280,Petronilla,female,1.0
1281,Hector,male,1.0
1282,Eileen,female,1.0
1283,Hermine,female,1.0
1284,Cyrus,male,0.85
1285,Anette,female,0.99
1286,Bartolomeo,male,1.0
1287,Ottorina,,
1288,Sigmund,male,0.8
1289,Jean-Charles,male,1.0
1290,Kirsti,female,1.0
1291,Herta,female,1.0
1292,Vito,male,0.99
1293,Olivia,female,0.99
1294,Jany,female,1.0
1295,Marlise,female,1.0
1296,Ursule,female,1.0
1297,Placide,,
1298,Sylvia,female,1.0
1299,Pierre-Jean,male,1.0
1300,Primina,,
1301,Noemi,female,1.0
1302,Adon,male,1.0
1303,Alexandra,female,1.0
1304,Bothaina,,
1305,Jozsef,male,1.0
1306,Oreste,male,1.0
1307,Piroska,female,1.0
1308,Akka,female,0.5
1309,Zohra,female,1.0
1310,Mohand-Amokrane,,
1311,Riyad,male,1.0
1312,Gemma,female,1.0
1313,Zohair,male,1.0
1314,Abdelkader,male,1.0
1315,Marilyn,female,1.0
1316,Mariette,female,1.0
1317,Omar,male,1.0
1318,Boulenouar,,
1319,Bouziane,,
1320,Cosette,female,1.0
1321,Sliman,male,1.0
1322,Saïd,male,0.86
1323,Kristina,female,1.0
1324,Hocine,male,1.0
1325,Michel-André,male,1.0
1326,Marceau,male,1.0
1327,Hamid,male,0.98
1328,Silvio,male,1.0
1329,Lotfi,male,1.0
1330,Margot,female,0.99
1331,Eiveen,,
1332,Maureen,female,1.0
1333,Willi,male,1.0
1334,Mercedes,female,1.0
1335,Marince,,
1336,Mioara,female,1.0
1337,Chaloum,,
1338,Hild,,
1339,Marie-Thésèse,,
1340,Joël,male,1.0
1341,Petronella,female,1.0
1342,Judite,female,1.0
1343,Cheyda,,
1344,Urbain,male,1.0
1345,Eudoxie,,
1346,Narcisse,male,1.0
1347,Raphy,male,0.75
1348,Ludovic,male,1.0
1349,Noelly,,
1350,Nerssès,,
1351,Sven,male,0.97
1352,Jacobsen,,
1353,Turhan,male,1.0
1354,Marica,female,1.0
1355,Wladimir,male,1.0
1356,Cäcilia,female,1.0
1357,Georgina,female,1.0
1358,Dieter,male,1.0
1359,Egidio,male,1.0
1360,Clotilde,female,1.0
1361,Niculae,,
1362,Eda,female,0.97
1363,Lilian,female,0.94
1364,Aniello,male,1.0
1365,Gorjana,female,1.0
1366,Phyllis,female,1.0
1367,Colin,male,0.99
1368,Ferdinand,male,1.0
1369,Sophie-Laurence,,
1370,Carol,female,0.99
1371,Flora,female,1.0
1372,Frank,male,1.0
1373,Mathäus,,
1374,Aurelio,male,0.98
1375,Andreas,male,1.0
1376,Augustine,male,0.73
1377,Heidy,female,1.0
1378,Rosmarie,female,1.0
1379,Irmgard,female,1.0
1380,Josephine,female,0.99
1381,Liviana,female,1.0
1382,Veneranda,,
1383,Sidiki,male,1.0
1384,Sofie,female,1.0
1385,Linda,female,1.0
1386,Sylvester,male,0.97
1387,Muriel,female,0.98
1388,Tilde,female,1.0
1389,Vilna,female,1.0
1390,Stenio,,
1391,Oskar,male,1.0
1392,Clayton,male,1.0
1393,Dayvon,male,1.0
1394,Inge,female,0.83
1395,Katarina,female,0.99
1396,Franse,,
1397,Véronique,female,1.0
1398,Paulus,male,0.94
1399,Blaise-Alain,,
1400,Marc-Olivier,male,1.0
1401,Réjane,,
1402,Cesira,,
1403,Leo,male,0.95
1404,Gottfried,male,1.0
1405,Susanna,female,1.0
1406,Vérène,,
1407,Hilde,female,1.0
1408,Romène,,
1409,Nadine,female,1.0
1410,Muguette,female,1.0
1411,Bjarnhild,,
1412,Rinske,female,1.0
1413,Ulderica,,
1414,Enrichetto,,
1415,Romeo,male,0.99
1416,Dolly,female,0.95
1417,Stephan,male,1.0
1418,Sandrine,female,1.0
1419,Félicie,female,1.0
1420,Yan,male,0.51
1421,Adelheid,female,1.0
1422,Eros,male,0.95
1423,Celestina,female,1.0
1424,Françoise-Catherine-Olga,,
1425,Donato,male,1.0
1426,Beatrix,female,1.0
1427,Stefania,female,0.99
1428,Hans-Jürgen,male,1.0
1429,Gretli,,
1430,Hubert,male,0.99
1431,Irmgart,,
1432,Lisa,female,1.0
1433,Etienne,male,1.0
1434,Alwina,,
1435,Pius,male,0.85
1436,Ilde,female,0.5
1437,Dimma,,
1438,Melissa,female,1.0
1439,Corradino,,
1440,Giancarlo,male,1.0
1441,Montserrat,female,1.0
1442,Colombe,female,1.0
1443,Jeanine,female,1.0
1444,Prowidenza,,
1445,Suu,female,0.83
1446,Myriam,female,1.0
1447,Maxime,male,0.97
1448,Chedra,,
1449,Georg,male,1.0
1450,Eugenio,male,1.0
1451,Claudina,female,1.0
1452,Marcellino,,
1453,Rosina,female,1.0
1454,Francescantonio,male,1.0
1455,Mady,female,0.7
1456,Yann,male,0.98
1457,Ruza,female,1.0
1458,Mariam,female,0.99
1459,Armand-Charles,,
1460,Hildegarda,,
1461,Lydie,female,1.0
1462,Francesca,female,1.0
1463,Urszula,female,1.0
1464,Lia,female,0.99
1465,Moritz,male,1.0
1466,Marie-Therese,female,1.0
1467,Virginia,female,1.0
1468,Minnie,female,0.98
1469,Lionel,male,0.99
1470,Anna-Maria,female,1.0
1471,Sorour,,
1472,Micaela,female,0.99
1473,Veronica,female,0.99
1474,Moira,female,1.0
1475,Albin,male,1.0
1476,Lotti,female,1.0
1477,Pramila,female,1.0
1478,Maya,female,0.97
1479,Inès,female,1.0
1480,Honorine,female,1.0
1481,Léopold,,
1482,Eveline,female,1.0
1483,Roméo,male,1.0
1484,Célina,female,1.0
1485,Alphonse,male,1.0
1486,Glayds,,
1487,Lorenza,female,1.0
1488,Cabdi,male,1.0
1489,Jacky,male,0.56
1490,Barbe,female,1.0
1491,Ramon,male,0.99
1492,Daniela,female,0.99
1493,Jutta,female,1.0
1494,Syviane,,
1495,Ramond,male,1.0
1496,Heribert,,
1497,Mella,female,1.0
1498,Angelino,male,1.0
1499,Amédée,male,1.0
1500,Albina,female,0.94
1501,Ennio,male,1.0
1502,Nicolette,female,1.0
1503,James-Merry,,
1504,Fabrice,male,1.0
1505,Tindaro,male,1.0
1506,Veneda,female,1.0
1507,Teodoro,male,1.0
1508,Harry,male,0.99
1509,Ottavio,male,1.0
1510,Elsy,female,1.0
1511,Casilda,female,1.0
1512,Nevenka,female,1.0
1513,Norma,female,1.0
1514,João,male,1.0
1515,Petros,male,1.0
1516,Martina,female,1.0
1517,Jésus,,
1518,Corrado,male,1.0
1519,Benno,male,1.0
1520,Carl,male,1.0
1521,Helga,female,1.0
1522,Ricardo,male,1.0
1523,Giustina,female,1.0
1524,Carlos,male,1.0
1525,Humberto,male,0.99
1526,Victoriano,male,1.0
1527,Chucri,male,1.0
1528,Belisario,male,1.0
1529,Enzo,male,1.0
1530,Nicoletta,female,0.98
1531,Sylvianne,female,1.0
1532,Seconda,,
1533,Girolamo,male,1.0
1534,Katty,female,0.99
1535,Fioravante,male,1.0
1536,Angelica,female,1.0
1537,Fiorella,female,1.0
1538,Santiago,male,1.0
1539,Tung,male,0.57
1540,Thi,female,0.8
1541,Alfonso,male,1.0
1542,Annunziato,male,1.0
1543,Levent,male,1.0
1544,Concepción,,
1545,Jessica,female,1.0
1546,Paola,female,0.98
1547,Ivaneide,female,1.0
1548,Giacobbe,male,1.0
1549,Ghislaine,female,1.0
1550,Lucio,male,1.0
1551,Damiano,male,1.0
1552,Constantino,male,1.0
1553,Willemina,female,1.0
1554,Anasthasie,,
1555,Mircea,male,1.0
1556,Luz,female,0.99
1557,Esterlita,,
1558,Evan,male,0.97
1559,Tiziana,female,1.0
1560,Katya,female,1.0
1561,Svante,male,1.0
1562,Erik,male,0.99
1563,Sevda,female,0.95
1564,Domingos,male,0.93
1565,Junilha,,
1566,Arduino,male,1.0
1567,Ausilia,female,1.0
1568,Gumersindo,,
1569,Canisia,,
1570,Candida,female,1.0
1571,Deolinda,female,1.0
1572,Yvon,male,0.9
1573,Timothy,male,1.0
1574,Giacomina,female,1.0
1575,Nicolò,male,1.0
1576,Salvino,,
1577,Elisabetta,female,1.0
1578,Moana,female,0.67
1579,Sebastiana,female,1.0
1580,Jorge-Juan,,
1581,Andres,male,1.0
1582,Bibiana,female,1.0
1583,Maria-Balbina,,
1584,Kosana,,
1585,Wladimiro,,
1586,Julie,female,1.0
1587,Annunziata,female,1.0
1588,Isaac,male,1.0
1589,Libera,female,1.0
1590,Benvenita,,
1591,Carmélite,,
1592,Frances,female,0.99
1593,Hannelore,female,1.0
1594,Guglielma,,
1595,Brita,female,1.0
1596,Léontine,,
1597,Ljubica,female,1.0
1598,Ugo,male,0.97
1599,Celedonio,male,1.0
1600,Giannino,male,1.0
1601,Marcello,male,1.0
1602,Donja,female,1.0
1603,Victorine,female,1.0
1604,Amelia,female,1.0
1605,Antonina,female,0.91
1606,Sigfrido,male,1.0
1607,Agrippina,,
1608,Placido,male,1.0
1609,Magali,female,0.99
1610,Signorette,,
1611,Daphné,female,1.0
1612,Thémis,female,1.0
1613,Giuseppina,female,1.0
1614,Angnès,,
1615,Luís,,
1616,Bogdan,male,1.0
1617,Ninon,female,0.96
1618,Félix,male,1.0
1619,Abbondanza,,
1620,Palmira,female,0.89
1621,Patrizio,male,1.0
1622,Angélique,female,0.97
1623,Mimi,female,0.98
1624,Carolina,female,0.99
1625,Carmilena,,
1626,Anacleta,female,1.0
1627,Alessandro,male,1.0
1628,Momodou,male,1.0
1629,Rémi,male,0.98
1630,Haskell,male,1.0
1631,Yilmaz,male,1.0
1632,Ewa,female,0.99
1633,Ruzica,female,1.0
1634,Eraldo,male,1.0
1635,Nelta,,
1636,Mauro,male,1.0
1637,Marietta,female,1.0
1638,Fedele,male,1.0
1639,Renzo,male,1.0
1640,Tomás,male,0.97
1641,Chaba,male,1.0
1642,Luigina,female,1.0
1643,Settimo,,
1644,Elda,female,1.0
1645,Mariella,female,1.0
1646,Marie-José,female,1.0
1647,Fabrizio,male,0.99
1648,Baptiste,male,0.99
1649,Angelique,female,1.0
1650,Céleste,female,1.0
1651,Liana,female,0.99
1652,Piera,female,1.0
1653,Abramino,,
1654,Hamed,male,1.0
1655,Marysa,female,1.0
1656,Ester,female,1.0
1657,Ataollah,,
1658,Marguarete,,
1659,Anwar,male,0.95
1660,Arounni,,
1661,Kathryn,female,1.0
1662,Natahlie,,
1663,Iwanka,female,1.0
1664,Denys,male,0.93
1665,Hildegard,female,0.5
1666,Eloise,female,1.0
1667,Cynthia,female,1.0
1668,Suzie,female,1.0
1669,Annamarie,female,1.0
1670,Monserrate,,
1671,Alicie,,
1672,Odille,,
1673,Chan,male,0.5
1674,Hira,female,0.91
1675,Hendrika,,
1676,Jeannette,female,0.99
1677,Aimée,female,1.0
1678,Raimond,male,1.0
1679,Rose-Marie,female,1.0
1680,Fredi,male,0.95
1681,Nadège,female,1.0
1682,Generosa,,
1683,Elma,female,0.98
